index_content,word,nature,content_type,index_word
2,名副其实,i,pos,0
2,品牌,n,pos,1
2,售后,n,pos,2
2,客服,n,pos,3
2,服务,vn,pos,4
2,到位,v,pos,5
2,提前,v,pos,6
2,抢,v,pos,7
2,电器,n,pos,8
2,预备,v,pos,9
2,新房子,n,pos,10
2,安装,v,pos,11
2,收货,n,pos,12
2,地址,n,pos,13
2,安装,v,pos,14
2,地址,n,pos,15
2,打电话,l,pos,16
2,预约,v,pos,17
2,安装,v,pos,18
2,顺利,ad,pos,19
2,安装,v,pos,20
2,师傅,nr,pos,21
2,专业,n,pos,22
2,服务态度,n,pos,23
2,主动,b,pos,24
2,客户,n,pos,25
2,安装,v,pos,26
2,过程,n,pos,27
2,顺利,ad,pos,28
2,作业,n,pos,29
2,效率,n,pos,30
2,杠杠,n,pos,31
2,选择,v,pos,32
2,省心,n,pos,33
3,安,v,pos,0
3,两天,m,pos,1
3,评价,n,pos,2
3,安装,v,pos,3
3,师傅,nr,pos,4
3,不错,a,pos,5
3,安,v,pos,6
3,满意,v,pos,7
3,购物,n,pos,8
4,网购,n,pos,0
4,始终,d,pos,1
4,信赖,n,pos,2
4,发货,n,pos,3
4,服务,vn,pos,4
4,物流,n,pos,5
4,即时,c,pos,6
4,始终,d,pos,7
4,信赖,n,pos,8
4,国货,n,pos,9
4,家用电器,n,pos,10
4,喜欢,v,pos,11
4,牌,n,pos,12
4,微波炉,n,pos,13
4,电磁炉,n,pos,14
4,饮水机,n,pos,15
4,家里,s,pos,16
4,好多,m,pos,17
4,牌,n,pos,18
4,良心,a,pos,19
4,企业,n,pos,20
4,样式,n,pos,21
4,美观,nz,pos,22
4,结构合理,n,pos,23
4,热,a,pos,24
4,速度,n,pos,25
6,下单,n,pos,0
6,打电话,l,pos,1
6,服务态度,n,pos,2
6,快递,v,pos,3
6,发货,n,pos,4
6,送货,v,pos,5
6,第二天,m,pos,6
6,中午,t,pos,7
6,送到,v,pos,8
6,安装,v,pos,9
6,师傅,nr,pos,10
6,干活,a,pos,11
6,麻利,nr,pos,12
6,服务,vn,pos,13
6,品牌,n,pos,14
6,值得,v,pos,15
6,拥有,v,pos,16
9,乡下,s,pos,0
9,外公,n,pos,1
9,包装,v,pos,2
9,看着,v,pos,3
9,很大,a,pos,4
9,气,n,pos,5
9,上档次,b,pos,6
9,送货,v,pos,7
9,挺快,v,pos,8
9,预约,v,pos,9
9,安装,v,pos,10
9,价格,n,pos,11
9,蛮好,a,pos,12
9,安装费,n,pos,13
9,不到,v,pos,14
9,一百,m,pos,15
9,搞定,v,pos,16
9,简单,a,pos,17
9,温度,n,pos,18
9,标示,v,pos,19
9,配送,v,pos,20
9,花,v,pos,21
9,洒,v,pos,22
9,出水量,n,pos,23
9,适中,v,pos,24
9,烧水,n,pos,25
9,挺快,v,pos,26
9,夏天,t,pos,27
9,洗,v,pos,28
9,冬天,t,pos,29
9,洗完,v,pos,30
9,烧,v,pos,31
9,半个,m,pos,32
9,小时,n,pos,33
11,烧水,n,pos,0
11,加热,v,pos,1
11,不急,a,pos,2
11,半个,m,pos,3
11,小时,n,pos,4
11,热水,n,pos,5
11,连接,v,pos,6
11,大花洒,i,pos,7
11,出水量,n,pos,8
11,洗,v,pos,9
11,爽,a,pos,10
11,加热,v,pos,11
11,到度,d,pos,12
11,混,a,pos,13
11,凉水,n,pos,14
11,显示,v,pos,15
11,水温,n,pos,16
11,降到,v,pos,17
11,热水,n,pos,18
11,水温,n,pos,19
11,降低,v,pos,20
11,满意,v,pos,21
11,满意,v,pos,22
11,特别,d,pos,23
11,赞扬,v,pos,24
11,西安,ns,pos,25
11,售后,n,pos,26
11,赵师傅,nr,pos,27
11,赵师傅,nr,pos,28
11,安装,v,pos,29
11,管线,n,pos,30
11,改造,v,pos,31
11,麻烦,an,pos,32
11,师傅,nr,pos,33
11,前前后后,i,pos,34
11,干,v,pos,35
11,小时,n,pos,36
11,态度,n,pos,37
11,干活,a,pos,38
11,仔细,ad,pos,39
11,收费,n,pos,40
11,实惠,vn,pos,41
11,点,m,pos,42
11,赞,v,pos,43
14,商品质量,n,pos,0
14,制热,v,pos,1
14,保温,n,pos,2
14,长,a,pos,3
14,面板,n,pos,4
14,触摸,v,pos,5
14,灵敏,nr,pos,6
14,遥控器,n,pos,7
14,操作,v,pos,8
14,外观,n,pos,9
14,高端,n,pos,10
14,大气,n,pos,11
14,价格便宜,n,pos,12
14,实惠,vn,pos,13
14,配送,v,pos,14
14,快捷,a,pos,15
14,准时,v,pos,16
14,师傅,nr,pos,17
14,安装,v,pos,18
14,美观,nz,pos,19
14,快捷,a,pos,20
14,值得,v,pos,21
14,推荐,v,pos,22
15,选,v,pos,0
15,好久,m,pos,1
15,选,v,pos,2
15,这款,r,pos,3
15,外观,n,pos,4
15,漂亮,a,pos,5
15,安装,v,pos,6
15,师傅,nr,pos,7
15,热心,n,pos,8
15,态度,n,pos,9
15,品牌,n,pos,10
15,值得,v,pos,11
15,推荐,v,pos,12
16,昨天,t,pos,0
16,师傅,nr,pos,1
16,安装,v,pos,2
16,不错,a,pos,3
16,的的,u,pos,4
16,多年,m,pos,5
16,值得,v,pos,6
16,信赖,n,pos,7
17,安装,v,pos,0
17,满意,v,pos,1
17,安装,v,pos,2
17,人员,n,pos,3
17,服务,vn,pos,4
17,点,m,pos,5
17,赞,v,pos,6
18,空调,n,pos,0
18,高端,n,pos,1
18,大气,n,pos,2
18,上档次,b,pos,3
18,值得,v,pos,4
18,购买,v,pos,5
18,推荐,v,pos,6
18,信任,n,pos,7
22,好评,v,pos,0
22,安装,v,pos,1
22,师傅,nr,pos,2
22,服务,vn,pos,3
22,外观设计,n,pos,4
22,简单,a,pos,5
22,大方,n,pos,6
22,满意,v,pos,7
22,邻居,v,pos,8
23,正品,n,pos,0
23,质量,n,pos,1
23,送货,v,pos,2
23,很快,d,pos,3
23,我家,r,pos,4
23,电器,n,pos,5
23,满意,v,pos,6
25,东西,ns,pos,0
25,吃的用,l,pos,1
25,算,v,pos,2
25,老客户,n,pos,3
25,自营,vn,pos,4
25,产品,n,pos,5
25,保障,v,pos,6
25,产品质量,n,pos,7
25,送货,v,pos,8
25,满意,v,pos,9
25,会长,n,pos,10
26,产品,n,pos,0
26,不错,a,pos,1
26,满意,v,pos,2
26,商城,ns,pos,3
26,物美价廉,l,pos,4
27,发货,n,pos,0
27,师傅,nr,pos,1
27,安装,v,pos,2
27,很快,d,pos,3
28,物流,n,pos,0
28,太,d,pos,1
28,第二天,m,pos,2
28,安装,v,pos,3
28,家里,s,pos,4
28,电器,n,pos,5
28,品牌,n,pos,6
28,好用,v,pos,7
28,电器,n,pos,8
28,自营,vn,pos,9
28,安装,v,pos,10
28,师傅,nr,pos,11
28,服务,vn,pos,12
28,热心,n,pos,13
28,不是太好,l,pos,14
28,安装,v,pos,15
28,时,ng,pos,16
28,细心,n,pos,17
28,帮,v,pos,18
28,解决,v,pos,19
28,师傅,nr,pos,20
28,点,m,pos,21
28,赞,v,pos,22
29,自营,vn,pos,0
29,店,n,pos,1
29,购物,n,pos,2
29,放心,v,pos,3
29,值得,v,pos,4
29,信赖,n,pos,5
29,快递,v,pos,6
29,速度,n,pos,7
29,快递,v,pos,8
29,小哥,n,pos,9
29,力,n,pos,10
29,强力,n,pos,11
29,推荐,v,pos,12
29,购物,n,pos,13
29,选,zg,pos,14
33,不错,a,pos,0
33,一款,m,pos,1
33,质量,n,pos,2
33,扛,v,pos,3
33,扛,v,pos,4
33,低,a,pos,5
33,还行,v,pos,6
35,洗衣机,n,pos,0
35,功能齐全,i,pos,1
35,外观,n,pos,2
35,漂亮,a,pos,3
35,送货,v,pos,4
35,速度,n,pos,5
35,很快,d,pos,6
35,师傅,nr,pos,7
35,提前,v,pos,8
35,预约,v,pos,9
35,准时到达,l,pos,10
35,服务态度,n,pos,11
35,这方面,mq,pos,12
35,感觉,n,pos,13
35,无敌,v,pos,14
35,洗衣机,n,pos,15
35,安装,v,pos,16
35,师傅,nr,pos,17
35,教,v,pos,18
35,告知,v,pos,19
35,注意事项,n,pos,20
36,功能齐全,i,pos,0
36,价格,n,pos,1
36,实惠,vn,pos,2
36,送货,v,pos,3
36,速度,n,pos,4
36,很快,d,pos,5
36,师傅,nr,pos,6
36,提前,v,pos,7
36,预约,v,pos,8
36,准时到达,l,pos,9
36,服务态度,n,pos,10
36,这方面,mq,pos,11
36,感觉,n,pos,12
36,无敌,v,pos,13
36,安装,v,pos,14
36,师傅,nr,pos,15
36,教,v,pos,16
36,告知,v,pos,17
36,注意事项,n,pos,18
40,信赖,n,pos,0
40,希望,v,pos,1
40,越走越远,i,pos,2
45,安装,v,pos,0
45,服务,vn,pos,1
45,态度,n,pos,2
45,满意,v,pos,3
49,东西,ns,pos,0
49,好看,v,pos,1
49,送货,v,pos,2
49,很快,d,pos,3
49,房子,n,pos,4
49,没装,v,pos,5
49,评价,n,pos,6
49,朋友家,n,pos,7
49,款,m,pos,8
49,热,a,pos,9
49,很快,d,pos,10
49,成功,a,pos,11
49,网购,n,pos,12
51,购买,v,pos,0
51,款,m,pos,1
51,朋友,n,pos,2
51,说好,v,pos,3
51,价格,n,pos,4
51,便宜,a,pos,5
51,实体店,n,pos,6
51,便宜,a,pos,7
51,好多,m,pos,8
51,送货,v,pos,9
51,速度,n,pos,10
51,很快,d,pos,11
51,服务态度,n,pos,12
51,满意,v,pos,13
52,昨天晚上,t,pos,0
52,下单,n,pos,1
52,今天下午,nr,pos,2
52,送到,v,pos,3
52,安装,v,pos,4
52,速度,n,pos,5
52,真快,d,pos,6
52,感谢,v,pos,7
52,送货上门,l,pos,8
52,师傅,nr,pos,9
52,安装,v,pos,10
52,师傅,nr,pos,11
52,辛苦,a,pos,12
52,全分,n,pos,13
54,满意,v,pos,0
54,安装,v,pos,1
54,张师傅,nr,pos,2
54,细心,n,pos,3
54,装修,v,pos,4
54,时,ng,pos,5
54,接,v,pos,6
54,水管,n,pos,7
54,装,v,pos,8
54,张师傅,nr,pos,9
54,帮,v,pos,10
54,装,n,pos,11
54,服务,vn,pos,12
54,没得说,l,pos,13
56,升,v,pos,0
56,遥控,vn,pos,1
56,真的,d,pos,2
56,好用,v,pos,3
56,保修,v,pos,4
56,真的,d,pos,5
56,购买,v,pos,6
56,品牌,n,pos,7
56,值得,v,pos,8
56,信赖,n,pos,9
57,款,m,pos,0
57,加热,v,pos,1
57,很快,d,pos,2
57,容量,n,pos,3
57,够,v,pos,4
57,安装,v,pos,5
57,师傅,nr,pos,6
57,说话,v,pos,7
57,好评,v,pos,8
63,正规,a,pos,0
63,标准,n,pos,1
63,速度,n,pos,2
63,送货,v,pos,3
63,师傅,nr,pos,4
63,特别,d,pos,5
63,安装,v,pos,6
63,师傅,nr,pos,7
63,满意,v,pos,8
64,物流,n,pos,0
64,快捷,a,pos,1
64,售后,n,pos,2
64,跟进,v,pos,3
64,安装,v,pos,4
64,师傅,nr,pos,5
64,力,n,pos,6
64,中,f,pos,7
64,一切正常,i,pos,8
64,品牌,n,pos,9
64,值得,v,pos,10
64,信赖,n,pos,11
65,节能,v,pos,0
65,省电,j,pos,1
65,外,n,pos,2
65,观,vg,pos,3
65,漂亮,a,pos,4
65,节能,v,pos,5
65,物流,n,pos,6
65,很快,d,pos,7
65,送货,v,pos,8
65,师傅,nr,pos,9
65,态度,n,pos,10
68,安装,v,pos,0
68,几天,m,pos,1
68,老牌子,n,pos,2
68,值得,v,pos,3
68,购买,v,pos,4
72,白色,n,pos,0
72,好看,v,pos,1
72,大气,n,pos,2
72,升温,v,pos,3
72,很快,d,pos,4
72,洗澡,v,pos,5
72,够用,v,pos,6
72,一级,m,pos,7
72,能耗,n,pos,8
72,满意,v,pos,9
74,发货,n,pos,0
74,速度,n,pos,1
74,很快,d,pos,2
74,安装,v,pos,3
74,师傅,nr,pos,4
74,服务,vn,pos,5
74,热情,n,pos,6
74,五星,nz,pos,7
74,好评,v,pos,8
75,商品,n,pos,0
75,刚刚,d,pos,1
75,收到,v,pos,2
75,安装,v,pos,3
75,物流,n,pos,4
75,速度,n,pos,5
75,很快,d,pos,6
75,耐用,a,pos,7
78,到货,v,pos,0
78,安装,v,pos,1
78,几天,m,pos,2
78,评价,n,pos,3
78,物流,n,pos,4
78,挺快,v,pos,5
78,店家,n,pos,6
78,服务,vn,pos,7
78,热情,n,pos,8
78,好评,v,pos,9
79,品牌,n,pos,0
79,厂家,n,pos,1
79,值得,v,pos,2
79,信赖,n,pos,3
79,进口,vn,pos,4
80,价格便宜,n,pos,0
80,质量,n,pos,1
80,不错,a,pos,2
80,满意,v,pos,3
80,购物,n,pos,4
82,东西,ns,pos,0
82,真的,d,pos,1
82,很棒,a,pos,2
82,喜欢,v,pos,3
84,品牌,n,pos,0
84,值得,v,pos,1
84,信赖,n,pos,2
84,水热,n,pos,3
84,很快,d,pos,4
84,售后,n,pos,5
84,安装,v,pos,6
84,专业,n,pos,7
85,东西,ns,pos,0
85,不错,a,pos,1
85,实体店,n,pos,2
85,优惠,vn,pos,3
85,安装,v,pos,4
85,师傅,nr,pos,5
85,热情,n,pos,6
85,满意,v,pos,7
86,收到,v,pos,0
86,售后,n,pos,1
86,服务,vn,pos,2
86,很棒,a,pos,3
86,满意,v,pos,4
87,不错,a,pos,0
87,性价比,n,pos,1
87,值得,v,pos,2
87,购买,v,pos,3
89,外观,n,pos,0
89,大气,n,pos,1
89,品牌,n,pos,2
89,值得,v,pos,3
89,信赖,n,pos,4
89,物流,n,pos,5
89,很快,d,pos,6
89,安装,v,pos,7
89,专业,n,pos,8
93,热,a,pos,0
93,很快,d,pos,1
93,品牌,n,pos,2
93,值得,v,pos,3
93,信赖,n,pos,4
98,五星,nz,pos,0
98,好评,v,pos,1
98,安装,v,pos,2
98,师傅,nr,pos,3
98,力,n,pos,4
98,感谢,v,pos,5
99,送货到,l,pos,0
99,安装,v,pos,1
99,满意,v,pos,2
99,品牌,n,pos,3
99,力量,n,pos,4
101,东西,ns,pos,0
101,还好,v,pos,1
101,安装,v,pos,2
101,师傅,nr,pos,3
101,比较满意,l,pos,4
102,安装,v,pos,0
102,态度,n,pos,1
102,运送,v,pos,2
102,速度,n,pos,3
102,很快,d,pos,4
102,好评,v,pos,5
103,物流,n,pos,0
103,很快,d,pos,1
103,服务态度,n,pos,2
103,老客户,n,pos,3
109,东西,ns,pos,0
109,真,d,pos,1
109,价格,n,pos,2
109,优惠,vn,pos,3
109,好评,v,pos,4
109,好评,v,pos,5
109,好评,v,pos,6
112,送货,v,pos,0
112,很快,d,pos,1
112,安装,v,pos,2
112,效果,n,pos,3
112,加热,v,pos,4
113,配送,v,pos,0
113,安装,v,pos,1
113,服务,vn,pos,2
113,满意,v,pos,3
114,外观,n,pos,0
114,高大,a,pos,1
114,信赖,n,pos,2
117,不错,a,pos,0
117,物流,n,pos,1
117,速度,n,pos,2
117,挺快,v,pos,3
129,物流,n,pos,0
129,很快,d,pos,1
129,服务,vn,pos,2
130,送货,v,pos,0
130,很快,d,pos,1
130,服务,vn,pos,2
132,服务满意,n,pos,0
132,五星,nz,pos,1
132,好评,v,pos,2
133,货,n,pos,0
133,收到,v,pos,1
133,喜欢,v,pos,2
137,服务,vn,pos,0
137,安装,v,pos,1
137,满意,v,pos,2
144,服务,vn,pos,0
144,满意,v,pos,1
151,不错,a,pos,0
151,下单,n,pos,1
151,第二天,m,pos,2
151,下午,t,pos,3
151,师傅,nr,pos,4
151,上门,ns,pos,5
151,安装,v,pos,6
151,收,v,pos,7
151,点,m,pos,8
151,材料费,n,pos,9
151,不到,v,pos,10
151,块,zg,pos,11
151,安装,v,pos,12
151,厕所,n,pos,13
151,热水,n,pos,14
151,接到,v,pos,15
151,厨房,n,pos,16
151,非常感谢,i,pos,17
151,安装,v,pos,18
151,师傅,nr,pos,19
151,升,v,pos,20
151,家里,s,pos,21
151,三个,m,pos,22
151,大人,n,pos,23
151,小孩,n,pos,24
151,正好,a,pos,25
151,够用,v,pos,26
151,品牌,n,pos,27
151,值得,v,pos,28
151,信赖,n,pos,29
151,点,m,pos,30
151,赞,v,pos,31
155,五星,nz,pos,0
155,好评,v,pos,1
155,送货,v,pos,2
155,负责,v,pos,3
155,安装,v,pos,4
155,利索,n,pos,5
155,产品,n,pos,6
155,不错,a,pos,7
155,安装费,n,pos,8
155,是因为,c,pos,9
155,开,v,pos,10
155,宝马,nr,pos,11
155,其他人,rr,pos,12
155,几十,m,pos,13
155,总体,n,pos,14
155,服务,vn,pos,15
155,不错,a,pos,16
156,服务,vn,pos,0
156,特别,d,pos,1
156,配送,v,pos,2
156,购买,v,pos,3
156,商品,n,pos,4
156,不错,a,pos,5
156,打电话,l,pos,6
156,客服,n,pos,7
156,安装,v,pos,8
156,安装,v,pos,9
156,师傅,nr,pos,10
156,有效率,n,pos,11
156,安装,v,pos,12
156,态度,n,pos,13
156,款,m,pos,14
156,外观,n,pos,15
156,大方,n,pos,16
156,干净,a,pos,17
156,安装简单,nr,pos,18
156,特别,d,pos,19
156,省,n,pos,20
156,电,n,pos,21
156,超值,v,pos,22
158,送货,v,pos,0
158,安装,v,pos,1
158,预约,v,pos,2
158,历史,n,pos,3
158,上门,ns,pos,4
158,安装,v,pos,5
158,师傅,nr,pos,6
158,准时,v,pos,7
158,用心,n,pos,8
158,收费,n,pos,9
158,费用,n,pos,10
158,收取,v,pos,11
158,安装,v,pos,12
158,满意,v,pos,13
158,服务态度,n,pos,14
158,安装,v,pos,15
158,师傅,nr,pos,16
158,衣服,n,pos,17
158,淋湿,n,pos,18
158,安装,v,pos,19
158,赞赞,v,pos,20
158,赞,v,pos,21
158,安装,v,pos,22
158,师傅,nr,pos,23
158,满意,v,pos,24
159,安装,v,pos,0
159,师傅,nr,pos,1
159,态度,n,pos,2
159,不错,a,pos,3
159,电话,n,pos,4
159,提前,v,pos,5
159,预约,v,pos,6
159,到场,d,pos,7
159,前,f,pos,8
159,预约,v,pos,9
159,提醒,v,pos,10
159,客户,n,pos,11
159,仔细,ad,pos,12
159,细致入微,i,pos,13
159,服务,vn,pos,14
159,安装程序,l,pos,15
159,规范化,n,pos,16
159,值得,v,pos,17
159,信赖,n,pos,18
160,安装,v,pos,0
160,发现,v,pos,1
160,机器,n,pos,2
160,客服,n,pos,3
160,第二天,m,pos,4
160,换,nz,pos,5
160,新机,n,pos,6
160,安装,v,pos,7
160,完美,a,pos,8
160,加热,v,pos,9
160,一切正常,i,pos,10
160,客服,n,pos,11
160,态度,n,pos,12
160,安装,v,pos,13
160,师傅,nr,pos,14
160,态度,n,pos,15
160,极好,d,pos,16
160,热情服务,l,pos,17
160,技术,n,pos,18
160,一流,n,pos,19
167,商品,n,pos,0
167,网上,s,pos,1
167,快递,v,pos,2
167,准时,v,pos,3
167,送达,v,pos,4
167,主动,b,pos,5
167,预约,v,pos,6
167,安装,v,pos,7
167,准时,v,pos,8
167,好评,v,pos,9
168,好用,v,pos,0
168,水热,n,pos,1
168,很快,d,pos,2
168,电器,n,pos,3
168,选,v,pos,4
168,好用,v,pos,5
168,水热,n,pos,6
168,很快,d,pos,7
168,电器,n,pos,8
168,选,v,pos,9
169,效果,n,pos,0
169,保温,n,pos,1
169,效果,n,pos,2
169,老婆,n,pos,3
169,喜欢,v,pos,4
169,拔掉,v,pos,5
169,插头,n,pos,6
169,耗电,v,pos,7
169,该不该,v,pos,8
169,洗完,v,pos,9
169,拔,v,pos,10
169,插头,n,pos,11
169,断电,n,pos,12
172,安装,v,pos,0
172,到位,v,pos,1
172,我家,r,pos,2
172,弄,v,pos,3
172,满意,v,pos,4
172,服务,vn,pos,5
172,安装,v,pos,6
172,技术,n,pos,7
172,满意,v,pos,8
173,维修,v,pos,0
173,李昀阳,nr,pos,1
173,师傅,nr,pos,2
173,负责,v,pos,3
173,客户服务,n,pos,4
173,周到,v,pos,5
173,热情,n,pos,6
173,耐心,a,pos,7
173,客户,n,pos,8
173,提供,v,pos,9
173,最佳,z,pos,10
173,服务,vn,pos,11
173,特此,d,pos,12
173,感谢,v,pos,13
176,热水,n,pos,0
176,效果,n,pos,1
176,不错,a,pos,2
176,价格,n,pos,3
176,实惠,vn,pos,4
176,送货,v,pos,5
176,很快,d,pos,6
176,安装,v,pos,7
176,师傅,nr,pos,8
176,态度,n,pos,9
176,速度,n,pos,10
176,很快,d,pos,11
177,服务到位,n,pos,0
177,商城,ns,pos,1
177,一路,m,pos,2
177,感谢,v,pos,3
177,安装,v,pos,4
177,师傅,nr,pos,5
177,家里,s,pos,6
177,停水,v,pos,7
177,上门,ns,pos,8
177,试验,vn,pos,9
177,机器,n,pos,10
180,商品,n,pos,0
180,安装,v,pos,1
180,顺利,ad,pos,2
180,预约,v,pos,3
180,取消,v,pos,4
180,投诉,v,pos,5
180,还行,v,pos,6
181,满意,v,pos,0
181,送货到,l,pos,1
181,安装,v,pos,2
181,品牌,n,pos,3
181,管理,vn,pos,4
181,确实,ad,pos,5
181,值得,v,pos,6
181,信赖,n,pos,7
184,品牌,n,pos,0
184,高端,n,pos,1
184,大气,n,pos,2
184,上档次,b,pos,3
184,赞,v,pos,4
186,购物,n,pos,0
186,服务,vn,pos,1
186,质量,n,pos,2
186,保证,v,pos,3
186,送货,v,pos,4
186,小哥,n,pos,5
186,长得帅,nr,pos,6
186,速度,n,pos,7
186,很快,d,pos,8
186,满意,v,pos,9
189,愉快,a,pos,0
189,购物,n,pos,1
189,经历,n,pos,2
189,速度,n,pos,3
189,隔天,nz,pos,4
189,赞,v,pos,5
200,质量,n,pos,0
200,不错,a,pos,1
200,价格,n,pos,2
200,实惠,vn,pos,3
200,服务态度,n,pos,4
200,商城,ns,pos,5
200,商品,n,pos,6
200,值得,v,pos,7
200,信赖,n,pos,8
203,东西,ns,pos,0
203,收到,v,pos,1
203,安装,v,pos,2
203,服务,vn,pos,3
203,周到,v,pos,4
203,满意,v,pos,5
204,快递,v,pos,0
204,很快,d,pos,1
204,商家,n,pos,2
204,服务,vn,pos,3
204,外观,n,pos,4
204,很漂亮,n,pos,5
206,师傅,nr,pos,0
206,安装,v,pos,1
206,合适,a,pos,2
206,服务,vn,pos,3
206,到位,v,pos,4
206,值得,v,pos,5
206,信赖,n,pos,6
209,喜欢,v,pos,0
209,速度,n,pos,1
213,服务,vn,pos,0
213,真的,d,pos,1
213,不错,a,pos,2
213,嘻嘻,z,pos,3
213,家里,s,pos,4
213,满意,v,pos,5
219,安装,v,pos,0
219,师傅,nr,pos,1
219,服务,vn,pos,2
219,辛苦,a,pos,3
220,安装,v,pos,0
220,人员,n,pos,1
220,专业,n,pos,2
220,值得,v,pos,3
220,点,m,pos,4
220,赞,v,pos,5
223,当天,t,pos,0
223,下单,n,pos,1
223,当天,t,pos,2
223,送货,v,pos,3
223,赞,v,pos,4
224,安装,v,pos,0
224,值得,v,pos,1
224,信赖,n,pos,2
225,安装,v,pos,0
225,外观,n,pos,1
225,精美,a,pos,2
225,好评,v,pos,3
228,物流配送,n,pos,0
228,很快,d,pos,1
228,服务,vn,pos,2
237,送货,v,pos,0
237,很快,d,pos,1
237,评价,n,pos,2
241,东西,ns,pos,0
241,不错,a,pos,1
241,值得,v,pos,2
241,信赖,n,pos,3
241,自营,vn,pos,4
241,保障,v,pos,5
253,送货,v,pos,0
253,很快,d,pos,1
253,送货员,l,pos,2
253,态度,n,pos,3
254,产品质量,n,pos,0
254,售后服务,l,pos,1
254,满意,v,pos,2
266,满意,v,pos,0
266,产品,n,pos,1
278,信赖,n,pos,0
308,质量,n,pos,0
308,不错,a,pos,1
308,加热,v,pos,2
308,一级,m,pos,3
308,能耗,n,pos,4
308,满意,v,pos,5
309,铁粉,n,pos,0
309,一如既往,i,pos,1
309,支持,v,pos,2
310,挺好用,a,pos,0
310,没什么,l,pos,1
310,噪音,n,pos,2
310,加热,v,pos,3
310,很快,d,pos,4
310,储水量,n,pos,5
312,东西,ns,pos,0
312,还行,v,pos,1
312,装,n,pos,2
312,师傅,nr,pos,3
312,简单,a,pos,4
319,家店,n,pos,0
319,信赖,n,pos,1
321,物流,n,pos,0
321,很快,d,pos,1
321,服务,vn,pos,2
324,烧水,n,pos,0
324,很快,d,pos,1
324,控制面板,n,pos,2
324,简单,a,pos,3
324,易懂,nr,pos,4
324,适合,v,pos,5
324,老人家,n,pos,6
329,完美,a,pos,0
329,不错,a,pos,1
329,当天,t,pos,2
329,收货,n,pos,3
329,当天,t,pos,4
329,安装,v,pos,5
331,购买,v,pos,0
331,发货,n,pos,1
331,速度,n,pos,2
331,很快,d,pos,3
331,客服,n,pos,4
331,服务,vn,pos,5
331,热情周到,l,pos,6
331,当天,t,pos,7
331,下单,n,pos,8
331,客服,n,pos,9
331,电话,n,pos,10
331,确认,v,pos,11
331,订单,n,pos,12
331,具体内容,n,pos,13
331,收货,n,pos,14
331,地址,n,pos,15
331,收货,n,pos,16
331,注意事项,n,pos,17
331,讲述,v,pos,18
331,厂家,n,pos,19
331,报装,v,pos,20
331,具体操作,l,pos,21
331,安装,v,pos,22
331,这块,r,pos,23
331,纳入,v,pos,24
331,服务,vn,pos,25
331,内容,n,pos,26
331,卖家,n,pos,27
331,购物,n,pos,28
331,无忧,v,pos,29
331,年纪,t,pos,30
331,相关,v,pos,31
331,熟,a,pos,32
331,不知,v,pos,33
331,操作,v,pos,34
331,迷茫,z,pos,35
331,送货,v,pos,36
331,工作人员,n,pos,37
331,服务,vn,pos,38
331,热情,n,pos,39
331,送货到,l,pos,40
331,指定,v,pos,41
331,楼层,n,pos,42
331,安装,v,pos,43
331,师傅,nr,pos,44
331,到达,v,pos,45
331,着装,v,pos,46
331,整齐,d,pos,47
331,技术,n,pos,48
331,熟练,a,pos,49
331,服务,vn,pos,50
331,热情,n,pos,51
331,满意,v,pos,52
331,初次,d,pos,53
331,加热,v,pos,54
331,四十分钟,m,pos,55
331,指定,v,pos,56
331,温度,n,pos,57
331,等用,v,pos,58
331,一段时间,l,pos,59
331,评价,n,pos,60
333,送货,v,pos,0
333,速度,n,pos,1
333,好评,v,pos,2
333,配货,n,pos,3
333,放心,v,pos,4
333,送到,v,pos,5
333,屋里,s,pos,6
333,安装,v,pos,7
333,师傅,nr,pos,8
333,预约,v,pos,9
333,时间,n,pos,10
333,准时,v,pos,11
333,师傅,nr,pos,12
333,态度,n,pos,13
333,安装,v,pos,14
333,费用,n,pos,15
333,明码标价,n,pos,16
333,官方,n,pos,17
333,收费,n,pos,18
333,要用,v,pos,19
333,不用,v,pos,20
333,师傅,nr,pos,21
333,强制,v,pos,22
333,追评,v,pos,23
337,送货,v,pos,0
337,很快,d,pos,1
337,态度,n,pos,2
337,售,v,pos,3
337,安装,v,pos,4
337,安装工人,l,pos,5
337,负责,v,pos,6
337,牌子,n,pos,7
337,信得过,v,pos,8
339,不错,a,pos,0
339,师傅,nr,pos,1
339,安装,v,pos,2
339,很快,d,pos,3
339,调试,vn,pos,4
339,很好,a,pos,5
347,质量,n,pos,0
347,安装,v,pos,1
347,师傅,nr,pos,2
347,态度,n,pos,3
347,值得,v,pos,4
347,信赖,n,pos,5
347,品牌,n,pos,6
348,加热,v,pos,0
348,速度,n,pos,1
348,挺快,v,pos,2
348,热水,n,pos,3
348,挺足,a,pos,4
348,容量,n,pos,5
348,很大,a,pos,6
348,够用,v,pos,7
348,长,a,pos,8
348,很漂亮,n,pos,9
348,安装,v,pos,10
348,师傅,nr,pos,11
348,细心,n,pos,12
348,预约,v,pos,13
348,很快,d,pos,14
348,装,v,pos,15
348,特别,d,pos,16
348,价位,n,pos,17
348,很值,a,pos,18
353,产品,n,pos,0
353,正品,n,pos,1
353,尺寸,n,pos,2
353,合适,a,pos,3
353,安装,v,pos,4
353,服务,vn,pos,5
353,好评,v,pos,6
354,收到,v,pos,0
354,货,n,pos,1
354,值得,v,pos,2
354,赞,v,pos,3
354,快递,v,pos,4
354,员,q,pos,5
354,服务态度,n,pos,6
354,超好,v,pos,7
354,预约,v,pos,8
354,送货,v,pos,9
354,时间,n,pos,10
354,送到,v,pos,11
354,步梯,n,pos,12
354,楼,n,pos,13
354,楼房,n,pos,14
354,态度,n,pos,15
354,安装,v,pos,16
354,费用,n,pos,17
361,村,zg,pos,0
361,第一个,m,pos,1
361,网上,s,pos,2
361,上买,v,pos,3
361,东西,ns,pos,4
361,村子,n,pos,5
361,比较落后,l,pos,6
361,大部分,m,pos,7
361,网购,v,pos,8
361,条件,n,pos,9
361,村,n,pos,10
361,东头,s,pos,11
361,小卖部,n,pos,12
361,购买,v,pos,13
361,生活,vn,pos,14
361,需,v,pos,15
361,听说,v,pos,16
361,网上,s,pos,17
361,东西,ns,pos,18
361,村子,n,pos,19
361,沸腾,v,pos,20
361,平常,a,pos,21
361,东西,ns,pos,22
361,网上,s,pos,23
361,商品,n,pos,24
361,指责,v,pos,25
361,败家,n,pos,26
361,村长,n,pos,27
361,所有人,n,pos,28
361,跑,v,pos,29
361,家里,s,pos,30
361,问,v,pos,31
361,爸,n,pos,32
361,疯,v,pos,33
361,带坏,v,pos,34
361,村民,n,pos,35
361,老爸,n,pos,36
361,罚,v,pos,37
361,跪,v,pos,38
361,天夜,n,pos,39
361,低,a,pos,40
361,天,q,pos,41
361,一阵,m,pos,42
361,汽车,n,pos,43
361,轰鸣声,i,pos,44
361,惊醒,a,pos,45
361,送,v,pos,46
361,快递,v,pos,47
361,村,n,pos,48
361,第一个,m,pos,49
361,快递,v,pos,50
361,多久,m,pos,51
361,全村人,n,pos,52
361,吸引,v,pos,53
361,怀着,v,pos,54
361,忐忑,a,pos,55
361,激动,a,pos,56
361,心情,n,pos,57
361,接过,c,pos,58
361,包裹,v,pos,59
361,小心翼翼,i,pos,60
361,拆开,v,pos,61
361,包裹,v,pos,62
361,感觉,n,pos,63
361,疯,v,pos,64
361,天,q,pos,65
361,颜色,n,pos,66
361,手感,n,pos,67
361,质量,n,pos,68
361,稀奇,a,pos,69
361,读书,n,pos,70
361,少,a,pos,71
361,表达,v,pos,72
361,宝贝,nr,pos,73
361,喜爱,v,pos,74
361,村里,s,pos,75
361,质疑,v,pos,76
361,争先恐后,i,pos,77
361,把玩,v,pos,78
361,宝贝,nr,pos,79
361,报纸,n,pos,80
361,东西,ns,pos,81
361,眼前,t,pos,82
361,不敢相信,i,pos,83
361,骄傲,a,pos,84
361,站,v,pos,85
361,广播室,nt,pos,86
361,大声,m,pos,87
361,宣告,n,pos,88
361,满意,v,pos,89
361,网购,n,pos,90
361,请,v,pos,91
361,网购,n,pos,92
361,无奈,d,pos,93
361,礼品,n,pos,94
370,商品,n,pos,0
370,美观,nz,pos,1
370,一段时间,l,pos,2
370,不错,a,pos,3
370,描述,v,pos,4
370,相符合,nr,pos,5
370,值得,v,pos,6
370,推荐,v,pos,7
373,送货,v,pos,0
373,安装,v,pos,1
373,速度,n,pos,2
373,很快,d,pos,3
373,安装,v,pos,4
373,师傅,nr,pos,5
373,服务,vn,pos,6
373,特别,d,pos,7
373,美观大方,ns,pos,8
373,加热,v,pos,9
373,很快,d,pos,10
373,功能,n,pos,11
373,简单,a,pos,12
373,老人,n,pos,13
373,价格,n,pos,14
373,质量,n,pos,15
373,肯定,v,pos,16
373,下次,t,pos,17
373,介绍,v,pos,18
373,朋友,n,pos,19
374,配送,v,pos,0
374,师傅,nr,pos,1
374,不错,a,pos,2
374,原,n,pos,3
374,送货,v,pos,4
374,低调,v,pos,5
374,送,v,pos,6
374,五公里,m,pos,7
374,二话,n,pos,8
374,百分百,m,pos,9
374,好评,v,pos,10
379,理想,n,pos,0
379,太,d,pos,1
379,给力,v,pos,2
383,安装,v,pos,0
383,师傅,nr,pos,1
383,技术,n,pos,2
383,考虑周到,nr,pos,3
383,满意,v,pos,4
383,品牌,n,pos,5
383,值得,v,pos,6
383,信赖,n,pos,7
406,质量,n,pos,0
406,不错,a,pos,1
406,加热,v,pos,2
406,值得,v,pos,3
406,购买,v,pos,4
408,不错,a,pos,0
408,送货,v,pos,1
408,很快,d,pos,2
408,安装,v,pos,3
408,力,n,pos,4
409,安装,v,pos,0
409,师傅,nr,pos,1
409,服务态度,n,pos,2
409,五星,nz,pos,3
409,好评,v,pos,4
410,品牌,n,pos,0
410,质量,n,pos,1
410,信得过,v,pos,2
410,家电,j,pos,3
410,物有所值,l,pos,4
410,发货,n,pos,5
410,速度,n,pos,6
410,客户,n,pos,7
410,热情,n,pos,8
410,安装,v,pos,9
410,师傅,nr,pos,10
410,服务态度,n,pos,11
410,几天,m,pos,12
410,感觉,n,pos,13
410,不错,a,pos,14
410,希望,v,pos,15
410,值得,v,pos,16
410,购买,v,pos,17
410,祝,v,pos,18
410,卖家,n,pos,19
410,生意兴隆,l,pos,20
412,家电,j,pos,0
412,值得,v,pos,1
412,信赖,n,pos,2
416,美丽,ns,pos,0
416,值得,v,pos,1
416,信赖,n,pos,2
416,品牌,n,pos,3
416,购物,n,pos,4
416,省时省力,n,pos,5
416,省心,n,pos,6
423,商品,n,pos,0
423,不错,a,pos,1
423,物流,n,pos,2
423,很快,d,pos,3
423,当天,t,pos,4
423,安装,v,pos,5
424,安装,v,pos,0
424,材料费,n,pos,1
424,花,v,pos,2
424,块,q,pos,3
424,服务态度,n,pos,4
424,送货,v,pos,5
424,挺快,v,pos,6
424,花洒,nr,pos,7
424,软管,n,pos,8
430,包装,v,pos,0
430,完美,a,pos,1
430,物流,n,pos,2
430,速度,n,pos,3
430,超级,b,pos,4
430,特别,d,pos,5
430,安装,v,pos,6
430,速度,n,pos,7
430,早上,t,pos,8
430,物流,n,pos,9
430,预约,v,pos,10
430,下午,t,pos,11
430,安装,v,pos,12
430,师傅,nr,pos,13
430,安装,v,pos,14
430,仔细,ad,pos,15
430,安装,v,pos,16
430,好够,v,pos,17
430,测试,vn,pos,18
430,走,v,pos,19
430,加热,v,pos,20
430,速度,n,pos,21
430,很快,d,pos,22
430,储水量,n,pos,23
430,洗,v,pos,24
430,好几个,m,pos,25
430,做工,v,pos,26
430,厚实,a,pos,27
430,保修,v,pos,28
430,八年,t,pos,29
430,值得,v,pos,30
430,信赖,n,pos,31
430,购买,v,pos,32
431,产品,n,pos,0
431,支持,v,pos,1
431,谢谢,nr,pos,2
433,送货,v,pos,0
433,师傅,nr,pos,1
433,力,n,pos,2
433,售后,n,pos,3
433,安不上,l,pos,4
433,扫兴,v,pos,5
433,好评,v,pos,6
435,犹豫,a,pos,0
435,海尔,nrt,pos,1
435,选择,v,pos,2
435,物流,n,pos,3
435,很快,d,pos,4
435,头天,t,pos,5
435,下午,t,pos,6
435,点,m,pos,7
435,第二天,m,pos,8
435,上午,t,pos,9
435,农村,n,pos,10
435,快递,v,pos,11
435,师傅,nr,pos,12
435,还给,v,pos,13
435,送到,v,pos,14
435,家里,s,pos,15
435,真的,d,pos,16
435,外观,n,pos,17
435,满意,v,pos,18
435,大屏幕,nr,pos,19
435,操作,v,pos,20
435,变频,vn,pos,21
435,省,n,pos,22
435,电,n,pos,23
435,噪音,n,pos,24
435,双管,n,pos,25
435,速热,n,pos,26
435,师傅,nr,pos,27
435,安装,v,pos,28
435,服务,vn,pos,29
438,安装,v,pos,0
438,感觉,n,pos,1
438,度,zg,pos,2
438,天气,n,pos,3
438,烧水,n,pos,4
438,挺快,v,pos,5
443,品牌,n,pos,0
443,值得,v,pos,1
443,信赖,n,pos,2
443,到货,v,pos,3
443,很快,d,pos,4
443,包装,v,pos,5
443,完好,a,pos,6
443,损坏,v,pos,7
443,预约,v,pos,8
443,安装,v,pos,9
443,师傅,nr,pos,10
443,热情,n,pos,11
443,乱收费,n,pos,12
443,安装,v,pos,13
443,很快,d,pos,14
443,一会,m,pos,15
443,装好,v,pos,16
443,很漂亮,n,pos,17
444,老妈,n,pos,0
444,太阳能,n,pos,1
444,坏,a,pos,2
444,冬天,t,pos,3
444,暖,a,pos,4
444,暖,a,pos,5
444,信赖,n,pos,6
444,品牌,n,pos,7
447,原厂,n,pos,0
447,产品,n,pos,1
447,款式,n,pos,2
447,颜色,n,pos,3
447,网上,s,pos,4
447,介绍,v,pos,5
447,很好,d,pos,6
447,热水,n,pos,7
447,很快,d,pos,8
448,满意,v,pos,0
448,第一次,m,pos,1
448,金东,nr,pos,2
448,电器,n,pos,3
449,买过,v,pos,0
449,几台,m,pos,1
449,感觉,n,pos,2
449,还行,v,pos,3
453,满意,v,pos,0
453,收,v,pos,1
453,安装费,n,pos,2
453,为啥,r,pos,3
453,装完,v,pos,4
453,收,v,pos,5
455,产品,n,pos,0
455,物流,n,pos,1
455,很快,d,pos,2
455,满意,v,pos,3
455,安装,v,pos,4
455,满意,v,pos,5
459,商品,n,pos,0
459,赞,v,pos,1
459,物流,n,pos,2
459,力,n,pos,3
462,发货,n,pos,0
462,服务,vn,pos,1
462,安装,v,pos,2
462,师傅,nr,pos,3
462,安装,v,pos,4
462,仔细,ad,pos,5
462,态度,n,pos,6
462,满意,v,pos,7
464,一款,m,pos,0
464,实用,v,pos,1
464,值得,v,pos,2
464,选购,v,pos,3
464,美观,nz,pos,4
464,实用,v,pos,5
464,使用方便,l,pos,6
464,便捷,a,pos,7
472,价格,n,pos,0
472,不错,a,pos,1
472,囤货,v,pos,2
472,习惯性,n,pos,3
472,好评,v,pos,4
480,款,m,pos,0
480,最终,d,pos,1
480,选择,v,pos,2
480,升,zg,pos,3
480,倍增,v,pos,4
480,容,a,pos,5
480,能效,n,pos,6
480,遥控,vn,pos,7
480,预约,v,pos,8
480,角触,n,pos,9
480,控大,v,pos,10
480,屏,n,pos,11
480,机器,n,pos,12
480,外型,b,pos,13
480,高端,n,pos,14
480,大气,n,pos,15
480,上档次,b,pos,16
480,触屏,n,pos,17
480,效果,n,pos,18
480,操作,v,pos,19
480,简便,a,pos,20
480,加热,v,pos,21
480,速度,n,pos,22
480,保温,n,pos,23
480,效果,n,pos,24
480,不错,a,pos,25
480,机型,n,pos,26
480,增容,v,pos,27
480,变容,v,pos,28
480,预约,v,pos,29
480,水温,n,pos,30
480,显示,v,pos,31
480,防电,j,pos,32
480,墙,n,pos,33
480,加热,v,pos,34
480,倒计时,n,pos,35
480,显示,v,pos,36
480,热水,n,pos,37
480,剩余,v,pos,38
480,量,n,pos,39
480,显示,v,pos,40
480,实用功能,n,pos,41
480,真心,d,pos,42
480,家人,n,pos,43
480,喜欢,v,pos,44
482,送货,v,pos,0
482,样子,n,pos,1
482,好看,v,pos,2
482,操作,v,pos,3
482,简单,a,pos,4
482,性价比,n,pos,5
482,值得,v,pos,6
482,购买,v,pos,7
483,满意,v,pos,0
483,下单,n,pos,1
483,第二天,m,pos,2
483,安装,v,pos,3
483,很快,d,pos,4
487,号买,v,pos,0
487,安装,v,pos,1
487,品牌,n,pos,2
487,值得,v,pos,3
487,信赖,n,pos,4
487,安装,v,pos,5
487,师傅,nr,pos,6
487,态度,n,pos,7
487,几天,m,pos,8
487,一切正常,i,pos,9
487,开机,n,pos,10
487,一点,m,pos,11
487,声音,n,pos,12
487,加热,v,pos,13
487,速度,n,pos,14
487,棒棒,n,pos,15
487,棒,a,pos,16
487,售后,n,pos,17
487,客服,n,pos,18
487,服务态度,n,pos,19
487,询问,v,pos,20
487,安装,v,pos,21
487,情况,n,pos,22
488,前前后后,i,pos,0
488,一共,j,pos,1
488,台,q,pos,2
488,客服,n,pos,3
488,物流,n,pos,4
488,售后,n,pos,5
488,力,n,pos,6
488,品牌,n,pos,7
488,值得,v,pos,8
488,信赖,n,pos,9
492,快递,v,pos,0
492,挺快,v,pos,1
492,安装,v,pos,2
492,师傅,nr,pos,3
492,干,v,pos,4
492,挺好,a,pos,5
496,老客户,n,pos,0
496,物流,n,pos,1
496,速度,n,pos,2
496,没得说,l,pos,3
496,很快,d,pos,4
496,服务态度,n,pos,5
496,不错,a,pos,6
496,加油,v,pos,7
499,产品,n,pos,0
499,放心,v,pos,1
499,电器,n,pos,2
499,类,q,pos,3
499,东西,ns,pos,4
499,完美,a,pos,5
504,配送,v,pos,0
504,速度,n,pos,1
504,很快,d,pos,2
504,赞,v,pos,3
510,快递,v,pos,0
510,小哥,n,pos,1
510,一口气,i,pos,2
510,上五,t,pos,3
510,楼,n,pos,4
510,特别,d,pos,5
510,谢谢,nr,pos,6
510,感谢,v,pos,7
510,感谢,v,pos,8
510,快递,v,pos,9
510,员,zg,pos,10
510,安装,v,pos,11
510,师傅,nr,pos,12
510,电话,n,pos,13
510,周末,t,pos,14
510,到位,v,pos,15
510,赞,v,pos,16
511,满意,v,pos,0
511,送货,v,pos,1
511,速度,n,pos,2
511,安装,v,pos,3
511,烧,v,pos,4
511,挺快,v,pos,5
511,保温,n,pos,6
511,效果,n,pos,7
511,还行,v,pos,8
514,收到,v,pos,0
514,安装,v,pos,1
514,物流,n,pos,2
514,速度,n,pos,3
514,很快,d,pos,4
517,服务,vn,pos,0
517,满意,v,pos,1
523,好评,v,pos,0
523,物流配送,n,pos,1
523,配送,v,pos,2
523,师傅,nr,pos,3
523,主动,b,pos,4
523,搬,v,pos,5
523,上楼,ns,pos,6
523,安装,v,pos,7
523,师傅,nr,pos,8
523,下次,t,pos,9
523,选,v,pos,10
525,品牌,n,pos,0
525,购买,v,pos,1
525,放心,v,pos,2
525,服务,vn,pos,3
525,配送,v,pos,4
525,安装,v,pos,5
525,满意,v,pos,6
525,值得,v,pos,7
525,信赖,n,pos,8
525,选,v,pos,9
556,刚刚,d,pos,0
556,回来,v,pos,1
556,货,n,pos,2
556,等待,v,pos,3
556,安装,v,pos,4
556,师傅,nr,pos,5
556,安装,v,pos,6
556,质量,n,pos,7
556,不错,a,pos,8
556,值得,v,pos,9
556,信赖,n,pos,10
556,灯,n,pos,11
556,安装,v,pos,12
556,追评,v,pos,13
558,安装,v,pos,0
558,客服,n,pos,1
558,服务,vn,pos,2
558,安装,v,pos,3
558,师傅,nr,pos,4
558,满意,v,pos,5
558,一段时间,l,pos,6
558,评价,n,pos,7
560,商城,ns,pos,0
560,东西,ns,pos,1
560,超级,b,pos,2
560,满意,v,pos,3
561,不错,a,pos,0
561,信赖,n,pos,1
565,送货,v,pos,0
565,很快,d,pos,1
565,安装,v,pos,2
565,服务,vn,pos,3
565,到位,v,pos,4
565,点,m,pos,5
565,赞,v,pos,6
567,不错,a,pos,0
567,信赖,n,pos,1
567,自营,vn,pos,2
567,生活,vn,pos,3
567,中网,nz,pos,4
567,购,v,pos,5
567,承包,v,pos,6
568,外观,n,pos,0
568,时尚,n,pos,1
568,高端,n,pos,2
568,大气,n,pos,3
568,上档次,b,pos,4
568,一款,m,pos,5
568,不错,a,pos,6
568,产品,n,pos,7
568,喜欢,v,pos,8
568,亲们,n,pos,9
568,赶紧,d,pos,10
568,下单,n,pos,11
571,李师傅,nr,pos,0
571,服务,vn,pos,1
571,很棒,a,pos,2
571,态度,n,pos,3
571,水,n,pos,4
571,阀门,n,pos,5
571,关不上,v,pos,6
571,管子,n,pos,7
571,喷着水,v,pos,8
571,衣服,n,pos,9
571,湿,a,pos,10
571,负责,v,pos,11
571,安装,v,pos,12
571,清洁,a,pos,13
571,师傅,nr,pos,14
571,超,v,pos,15
571,好评,v,pos,16
571,用用,v,pos,17
571,评,v,pos,18
577,东西,ns,pos,0
577,不错,a,pos,1
577,挺好用,a,pos,2
577,服务,vn,pos,3
577,太,d,pos,4
577,满意,v,pos,5
577,三个,m,pos,6
577,电话,n,pos,7
577,催,v,pos,8
577,安装,v,pos,9
577,送到,v,pos,10
577,安装,v,pos,11
577,小时,n,pos,12
577,打电话,l,pos,13
577,催,zg,pos,14
577,估计,v,pos,15
577,小时,n,pos,16
577,之内,f,pos,17
577,安装,v,pos,18
581,安装,v,pos,0
581,完毕,v,pos,1
581,服务,vn,pos,2
581,速度,n,pos,3
581,满意,v,pos,4
582,品牌,n,pos,0
582,值得,v,pos,1
582,信赖,n,pos,2
582,到货,v,pos,3
582,打开,v,pos,4
582,包装,v,pos,5
582,外观,n,pos,6
582,很漂亮,n,pos,7
582,遥控,vn,pos,8
582,操作,v,pos,9
582,简单,a,pos,10
582,双管,n,pos,11
582,速热,n,pos,12
582,热水,n,pos,13
582,很快,d,pos,14
582,变频,vn,pos,15
582,噪音,n,pos,16
582,特别,d,pos,17
582,省,n,pos,18
582,电,n,pos,19
582,师傅,nr,pos,20
582,安装,v,pos,21
582,服务态度,n,pos,22
582,满意,v,pos,23
582,购物,n,pos,24
583,预约,v,pos,0
583,师傅,nr,pos,1
583,准时,v,pos,2
583,准点,n,pos,3
583,东西,ns,pos,4
583,不错,a,pos,5
583,安装,v,pos,6
583,美观大方,ns,pos,7
583,媳妇儿,n,pos,8
583,个子,n,pos,9
583,矮,a,pos,10
583,遥控器,n,pos,11
583,控制,v,pos,12
583,不用,v,pos,13
583,来回,v,pos,14
583,拔,v,pos,15
583,插头,n,pos,16
583,不错,a,pos,17
583,好评,v,pos,18
586,美观,nz,pos,0
586,大气,n,pos,1
586,洗澡,v,pos,2
586,舒服,a,pos,3
586,保温,n,pos,4
586,时间,n,pos,5
586,长省,ns,pos,6
586,电,n,pos,7
586,值得,v,pos,8
586,信赖,n,pos,9
586,安装,v,pos,10
586,材料,n,pos,11
586,太贵,nr,pos,12
586,太贵,nr,pos,13
586,天价,n,pos,14
586,收,v,pos,15
586,三分之一,mq,pos,16
586,评价,n,pos,17
586,收,v,pos,18
586,钱,n,pos,19
586,感觉,n,pos,20
586,不值,n,pos,21
590,安装,v,pos,0
590,时,n,pos,1
590,忘记,v,pos,2
590,拍照,v,pos,3
590,上传,v,pos,4
590,一张,m,pos,5
590,装好,v,pos,6
590,图片吧,n,pos,7
590,杠杠,n,pos,8
590,哒,zg,pos,9
590,品牌,n,pos,10
590,售后服务,l,pos,11
590,安装,v,pos,12
590,师傅,nr,pos,13
590,专业,n,pos,14
590,态度,n,pos,15
590,装好,v,pos,16
590,教我如何,l,pos,17
590,太,d,pos,18
590,赞,v,pos,19
590,美观大方,ns,pos,20
590,触屏,n,pos,21
590,灵敏,nr,pos,22
590,操作,v,pos,23
590,简单,a,pos,24
591,不错,a,pos,0
591,送货,v,pos,1
591,安装,v,pos,2
591,很快,d,pos,3
591,没试,v,pos,4
591,水,n,pos,5
591,希望,v,pos,6
591,好用,v,pos,7
594,商城,ns,pos,0
594,货,n,pos,1
594,无假货,i,pos,2
594,速度,n,pos,3
594,质量,n,pos,4
594,还好,v,pos,5
594,没得,v,pos,6
594,话,n,pos,7
594,讲,v,pos,8
595,物流,n,pos,0
595,很快,d,pos,1
595,优惠,vn,pos,2
595,价格,n,pos,3
595,买到,v,pos,4
595,值,v,pos,5
595,制热,v,pos,6
595,遥控,vn,pos,7
598,物流,n,pos,0
598,安装,v,pos,1
598,服务态度,n,pos,2
598,五星,nz,pos,3
598,评价,n,pos,4
598,支持,v,pos,5
602,东西,ns,pos,0
602,收到,v,pos,1
602,安装,v,pos,2
602,物流,n,pos,3
602,很快,d,pos,4
602,安装,v,pos,5
602,后在,t,pos,6
602,晒图,v,pos,7
604,搬家,v,pos,0
604,一台,m,pos,1
604,下单,n,pos,2
604,第二天,m,pos,3
604,速度,n,pos,4
604,第三天,m,pos,5
604,安装,v,pos,6
604,师傅,nr,pos,7
604,上门来,ns,pos,8
604,安装,v,pos,9
604,几分钟,m,pos,10
604,搞定,v,pos,11
604,电源,n,pos,12
604,插,v,pos,13
604,便捷,a,pos,14
604,满意,v,pos,15
604,点,m,pos,16
604,赞,v,pos,17
605,服务,vn,pos,0
605,品牌,n,pos,1
605,值得,v,pos,2
605,信赖,n,pos,3
605,热水,n,pos,4
605,很快,d,pos,5
608,商品,n,pos,0
608,收到,v,pos,1
608,包装,v,pos,2
608,完好,a,pos,3
608,送货,v,pos,4
608,速度,n,pos,5
608,很快,d,pos,6
608,想象,n,pos,7
608,中,f,pos,8
608,配送,v,pos,9
608,员,zg,pos,10
608,服务态度,n,pos,11
608,特别,d,pos,12
608,值得,v,pos,13
608,购买,v,pos,14
608,信任,n,pos,15
608,购买,v,pos,16
608,好评,v,pos,17
609,收到,v,pos,0
609,货,n,pos,1
609,迫不及待,i,pos,2
609,打开,v,pos,3
609,发货,n,pos,4
609,速度,n,pos,5
609,很快,d,pos,6
609,质量,n,pos,7
609,满意,v,pos,8
609,送货,v,pos,9
609,速度,n,pos,10
609,特别,d,pos,11
609,服务态度,n,pos,12
609,没话说,l,pos,13
609,总体,n,pos,14
609,特别,d,pos,15
609,满意,v,pos,16
609,购买,v,pos,17
609,商品,n,pos,18
624,很好,d,pos,0
624,保温,n,pos,1
624,效果,n,pos,2
624,加热,v,pos,3
624,很快,d,pos,4
624,加热,v,pos,5
624,时,ng,pos,6
624,一点点,m,pos,7
624,电流,n,pos,8
624,声,n,pos,9
624,影响,vn,pos,10
624,效果,n,pos,11
630,寄,v,pos,0
630,回老家,n,pos,1
630,家里人,nrt,pos,2
630,品牌,n,pos,3
630,值得,v,pos,4
630,信赖,n,pos,5
630,信赖,n,pos,6
630,好好,d,pos,7
632,安装,v,pos,0
632,师傅,nr,pos,1
632,很快,d,pos,2
632,安排,v,pos,3
632,上门,ns,pos,4
632,安装,v,pos,5
632,服务,vn,pos,6
635,售后,n,pos,0
635,不错,a,pos,1
635,上门,ns,pos,2
635,安装,v,pos,3
635,速度,n,pos,4
635,很快,d,pos,5
637,省,n,pos,0
637,电,n,pos,1
637,实用,v,pos,2
637,赞,v,pos,3
639,物流,n,pos,0
639,安装,v,pos,1
639,满意,v,pos,2
639,购物,n,pos,3
639,体验,n,pos,4
644,货,n,pos,0
644,收到,v,pos,1
644,满意,v,pos,2
649,品质,n,pos,0
649,值得,v,pos,1
649,信赖,n,pos,2
649,速度,n,pos,3
649,一流,n,pos,4
655,物流,n,pos,0
655,很快,d,pos,1
655,外观,n,pos,2
655,不错,a,pos,3
655,升,v,pos,4
655,一家人,n,pos,5
655,够用,v,pos,6
655,期待,v,pos,7
655,效果,n,pos,8
655,第二次,m,pos,9
655,网上,s,pos,10
655,希望,v,pos,11
655,一如既往,i,pos,12
657,物流,n,pos,0
657,很快,d,pos,1
657,满意,v,pos,2
663,老丈人,n,pos,0
663,两,m,pos,1
663,满意,v,pos,2
666,感谢,v,pos,0
666,送货,v,pos,1
666,师傅,nr,pos,2
666,爬,v,pos,3
666,六楼,ns,pos,4
666,送货,v,pos,5
666,辛苦,a,pos,6
666,感谢,v,pos,7
668,朋友,n,pos,0
668,实践证明,n,pos,1
668,群众,n,pos,2
668,眼睛,n,pos,3
668,雪亮,nr,pos,4
668,质量,n,pos,5
668,服务,vn,pos,6
668,皆,d,pos,7
668,值得,v,pos,8
668,信赖,n,pos,9
669,东西,ns,pos,0
669,不错,a,pos,1
669,速度,n,pos,2
669,价格,n,pos,3
669,便宜,a,pos,4
669,好评,v,pos,5
671,到货,v,pos,0
671,安装,v,pos,1
671,品牌,n,pos,2
671,值得,v,pos,3
671,信赖,n,pos,4
671,不用,v,pos,5
671,担心,v,pos,6
671,太阳能,n,pos,7
671,热,a,pos,8
671,电脑,n,pos,9
671,显示,v,pos,10
671,遥控,vn,pos,11
671,省事,n,pos,12
676,物流,n,pos,0
676,很快,d,pos,1
676,外包装,n,pos,2
676,无损,v,pos,3
676,服务态度,n,pos,4
678,自营,vn,pos,0
678,商品,n,pos,1
678,值得,v,pos,2
678,信赖,n,pos,3
678,品牌,n,pos,4
678,购买,v,pos,5
678,品质,n,pos,6
678,保障,v,pos,7
678,满意,v,pos,8
678,购物,n,pos,9
678,放心,v,pos,10
678,外观,n,pos,11
678,很漂亮,n,pos,12
678,大气,n,pos,13
678,支持,v,pos,14
683,快递,v,pos,0
683,小哥,n,pos,1
683,服务,vn,pos,2
683,周到,v,pos,3
683,感谢,v,pos,4
684,信赖,n,pos,0
684,产品,n,pos,1
684,不错,a,pos,2
684,一台,m,pos,3
684,很好,d,pos,4
684,帮,v,pos,5
684,亲戚,n,pos,6
684,两台,m,pos,7
684,卫生间,n,pos,8
684,一台,m,pos,9
684,送货,v,pos,10
684,很快,d,pos,11
684,服务,vn,pos,12
684,收到,v,pos,13
684,货,n,pos,14
684,第二天,m,pos,15
684,安装,v,pos,16
684,售后服务,l,pos,17
684,感谢,v,pos,18
686,信赖,n,pos,0
686,产品,n,pos,1
686,不错,a,pos,2
686,很好,d,pos,3
686,帮,v,pos,4
686,亲戚,n,pos,5
686,送货,v,pos,6
686,服务,vn,pos,7
686,收货,n,pos,8
686,第二天,m,pos,9
686,安装,v,pos,10
686,感谢,v,pos,11
686,服务,vn,pos,12
687,物流,n,pos,0
687,准时,v,pos,1
687,快速,d,pos,2
687,送货,v,pos,3
687,服务,vn,pos,4
687,安装,v,pos,5
687,师傅,nr,pos,6
687,耐心,a,pos,7
687,细致,a,pos,8
687,服务态度,n,pos,9
687,安装工,n,pos,10
687,点,m,pos,11
687,赞,v,pos,12
690,完美,a,pos,0
690,破损,v,pos,1
690,发货,n,pos,2
690,速度,n,pos,3
690,很快,d,pos,4
691,安装,v,pos,0
691,特别,d,pos,1
691,棒,zg,pos,2
691,安装,v,pos,3
691,师傅,nr,pos,4
691,特别,d,pos,5
691,来到,v,pos,6
691,家里,s,pos,7
691,特别,d,pos,8
691,客气,n,pos,9
691,用心,n,pos,10
691,安装,v,pos,11
691,物流,n,pos,12
691,力,n,pos,13
691,安装,v,pos,14
691,还给,v,pos,15
691,打电话,l,pos,16
691,咨询,vn,pos,17
691,情况,n,pos,18
691,送到,v,pos,19
691,货后,n,pos,20
691,特别,d,pos,21
691,信赖,n,pos,22
691,家里,s,pos,23
691,信赖,n,pos,24
691,品牌,n,pos,25
691,关注,v,pos,26
698,进,v,pos,0
698,博会,n,pos,1
698,东西,ns,pos,2
698,卖东西,n,pos,3
698,五星,nz,pos,4
698,好评,v,pos,5
699,收到,v,pos,0
699,安装,v,pos,1
699,安装,v,pos,2
699,师傅,nr,pos,3
699,服务态度,n,pos,4
699,赞,v,pos,5
702,品牌,n,pos,0
702,值得,v,pos,1
702,信赖,n,pos,2
702,特别,d,pos,3
702,喜欢,v,pos,4
702,快递,v,pos,5
702,哥哥,ns,pos,6
702,速度,n,pos,7
702,超级,b,pos,8
702,赞,v,pos,9
708,好评,v,pos,0
708,东西,ns,pos,1
708,不错,a,pos,2
708,信任,n,pos,3
711,品牌,n,pos,0
711,值得,v,pos,1
711,信赖,n,pos,2
711,特别,d,pos,3
711,喜欢,v,pos,4
711,快递,v,pos,5
711,哥哥,ns,pos,6
711,速度,n,pos,7
711,超级,b,pos,8
711,赞,v,pos,9
712,不错,a,pos,0
712,外观,n,pos,1
712,大气,n,pos,2
712,满意,v,pos,3
712,赞赞,v,pos,4
713,外观,n,pos,0
713,大方,n,pos,1
713,特别,d,pos,2
713,赞,v,pos,3
713,快递,v,pos,4
713,小哥,n,pos,5
713,一楼,n,pos,6
713,背到,v,pos,7
713,五楼,n,pos,8
713,辛苦,a,pos,9
713,性价比,n,pos,10
713,值得,v,pos,11
713,推荐,v,pos,12
715,货,n,pos,0
715,收到,v,pos,1
715,很好,d,pos,2
715,支持,v,pos,3
716,快递,v,pos,0
716,预期,vn,pos,1
716,早,a,pos,2
716,快递,v,pos,3
716,力,n,pos,4
716,安装,v,pos,5
716,师傅,nr,pos,6
716,专业,n,pos,7
716,变频,vn,pos,8
716,加热,v,pos,9
716,速度,n,pos,10
716,很快,d,pos,11
716,品牌,n,pos,12
716,值得,v,pos,13
716,信赖,n,pos,14
719,装,v,pos,0
719,一周,m,pos,1
719,试用,vn,pos,2
719,第一次,m,pos,3
719,升,v,pos,4
719,冷水,n,pos,5
719,烧热,v,pos,6
719,需,v,pos,7
719,半个,m,pos,8
719,小时,n,pos,9
719,加热,v,pos,10
719,设定,v,pos,11
719,温度,n,pos,12
719,自动,vn,pos,13
719,停,v,pos,14
719,满意,v,pos,15
719,信任,n,pos,16
719,品牌,n,pos,17
726,信赖,n,pos,0
726,货,n,pos,1
726,家电,j,pos,2
726,东西,ns,pos,3
733,生活,vn,pos,0
733,不错,a,pos,1
733,满意,v,pos,2
737,好评,v,pos,0
737,发到,v,pos,1
737,江西,ns,pos,2
737,小镇,nr,pos,3
737,门牌号,n,pos,4
737,快递,v,pos,5
737,人员,n,pos,6
737,电话,n,pos,7
737,妈,n,pos,8
737,找到,v,pos,9
737,我家,r,pos,10
737,送货上门,l,pos,11
737,网购,n,pos,12
737,多年,m,pos,13
737,第一次,m,pos,14
737,送货上门,l,pos,15
737,感动,v,pos,16
737,售后,n,pos,17
737,安装,v,pos,18
737,服务态度,n,pos,19
740,款,m,pos,0
740,最终,d,pos,1
740,选择,v,pos,2
740,机器,n,pos,3
740,外型,b,pos,4
740,高端,n,pos,5
740,大气,n,pos,6
740,上档次,b,pos,7
740,远程,n,pos,8
740,遥控,vn,pos,9
740,触屏,n,pos,10
740,效果,n,pos,11
740,操作,v,pos,12
740,简便,a,pos,13
740,加热,v,pos,14
740,速度,n,pos,15
740,保温,n,pos,16
740,效果,n,pos,17
740,不错,a,pos,18
740,机型,n,pos,19
740,增容,v,pos,20
740,变容,v,pos,21
740,预约,v,pos,22
740,水温,n,pos,23
740,显示,v,pos,24
740,防电,j,pos,25
740,墙,n,pos,26
740,加热,v,pos,27
740,倒计时,n,pos,28
740,显示,v,pos,29
740,热水,n,pos,30
740,剩余,v,pos,31
740,量,n,pos,32
740,显示,v,pos,33
740,实用功能,n,pos,34
740,真心,d,pos,35
740,家人,n,pos,36
740,喜欢,v,pos,37
751,不错,a,pos,0
751,购物,n,pos,1
751,体验,n,pos,2
751,值得,v,pos,3
751,入手,v,pos,4
753,东西,ns,pos,0
753,不错,a,pos,1
753,质量,n,pos,2
753,过硬,a,pos,3
753,值得,v,pos,4
753,购买,v,pos,5
753,赞,v,pos,6
754,态度,n,pos,0
754,特别,d,pos,1
754,干,v,pos,2
754,漂亮,a,pos,3
754,满意,v,pos,4
754,谢谢,nr,pos,5
756,物流,n,pos,0
756,很快,d,pos,1
756,商品质量,n,pos,2
756,配送,v,pos,3
756,员,zg,pos,4
756,服务态度,n,pos,5
756,服务周到,i,pos,6
758,东西,ns,pos,0
758,完好,a,pos,1
758,性能,n,pos,2
758,配送,v,pos,3
758,服务,vn,pos,4
758,超好,v,pos,5
764,宝贝,nr,pos,0
764,没的说,l,pos,1
764,好几个,m,pos,2
764,实体店,n,pos,3
764,便宜,a,pos,4
764,物有所值,l,pos,5
764,值得,v,pos,6
764,购买,v,pos,7
764,下次,t,pos,8
765,东西,ns,pos,0
765,不错,a,pos,1
765,质量,n,pos,2
765,过硬,a,pos,3
765,值得,v,pos,4
765,购买,v,pos,5
765,赞,v,pos,6
766,上买,v,pos,0
766,电,n,pos,1
766,服务周到,i,pos,2
766,不错,a,pos,3
766,自营,vn,pos,4
766,八年,t,pos,5
766,包修,v,pos,6
766,送货,v,pos,7
766,上楼,ns,pos,8
766,安装,v,pos,9
766,完美,a,pos,10
766,售后,n,pos,11
766,很好,a,pos,12
766,提前,v,pos,13
766,预约,v,pos,14
766,打电话,l,pos,15
766,买到,v,pos,16
766,安上,v,pos,17
766,一点儿,m,pos,18
766,耽误,v,pos,19
766,事儿,n,pos,20
766,真的,d,pos,21
766,感谢,v,pos,22
766,好评,v,pos,23
775,产品,n,pos,0
775,收到,v,pos,1
775,安装,v,pos,2
775,描述,v,pos,3
775,值得,v,pos,4
775,信赖,n,pos,5
775,品牌,n,pos,6
775,价格,n,pos,7
775,实惠,vn,pos,8
775,质量,n,pos,9
775,保障,v,pos,10
779,销量,n,pos,0
779,这款,r,pos,1
779,安装,v,pos,2
779,感觉,n,pos,3
779,不错,a,pos,4
779,物美价廉,l,pos,5
780,很好,d,pos,0
780,信赖,n,pos,1
780,国货,n,pos,2
780,精品,n,pos,3
780,好评,v,pos,4
786,喜欢,v,pos,0
786,热水,n,pos,1
786,挺快,v,pos,2
786,物流,n,pos,3
786,很快,d,pos,4
786,服务,vn,pos,5
786,不错,a,pos,6
786,真心话,l,pos,7
788,安装,v,pos,0
788,人员,n,pos,1
788,服务态度,n,pos,2
788,超好,v,pos,3
788,安装,v,pos,4
788,帮,v,pos,5
788,弄脏,n,pos,6
788,打扫,v,pos,7
788,安,v,pos,8
788,三个,m,pos,9
788,小时,n,pos,10
788,水,n,pos,11
788,走,v,pos,12
788,完善,v,pos,13
788,真的,d,pos,14
788,感激,v,pos,15
788,大大的,nz,pos,16
788,赞,v,pos,17
791,不错,a,pos,0
791,很漂亮,n,pos,1
791,喜欢,v,pos,2
791,送货,v,pos,3
791,速度,n,pos,4
791,风,n,pos,5
791,送货,v,pos,6
791,师傅,nr,pos,7
791,服务周到,i,pos,8
791,态度,n,pos,9
792,家电,j,pos,0
792,正品,n,pos,1
792,实惠,vn,pos,2
792,划算,v,pos,3
792,值得,v,pos,4
792,购买,v,pos,5
793,习惯性,n,pos,0
793,好评,v,pos,1
793,在家,r,pos,2
793,评价,n,pos,3
796,不错,a,pos,0
796,特价,n,pos,1
796,替换,v,pos,2
796,旧,a,pos,3
796,品牌,n,pos,4
796,值得,v,pos,5
796,信赖,n,pos,6
797,商城,ns,pos,0
797,满意,v,pos,1
797,大赞,nr,pos,2
799,东西,ns,pos,0
799,不错,a,pos,1
799,配送,v,pos,2
799,速度,n,pos,3
799,很快,d,pos,4
799,安装,v,pos,5
799,师傅,nr,pos,6
799,不错,a,pos,7
801,物流,n,pos,0
801,挺快,v,pos,1
801,收到,v,pos,2
801,送货,v,pos,3
801,速度,n,pos,4
801,下午,t,pos,5
801,安装,v,pos,6
801,质量,n,pos,7
801,不错,a,pos,8
801,一台,m,pos,9
801,台,q,pos,10
801,等用,v,pos,11
801,追加,v,pos,12
801,评价,n,pos,13
801,安装,v,pos,14
801,师傅,nr,pos,15
801,安装,v,pos,16
801,速度,n,pos,17
801,挺快,v,pos,18
801,拆机,n,pos,19
801,费要,a,pos,20
801,收,n,pos,21
801,费用,n,pos,22
801,花,v,pos,23
802,自营,vn,pos,0
802,品质,n,pos,1
802,保证,v,pos,2
802,物美价廉,l,pos,3
803,样子,n,pos,0
803,简约,d,pos,1
803,大方,n,pos,2
803,加热,v,pos,3
803,速度,n,pos,4
803,很快,d,pos,5
804,开心,v,pos,0
804,购物,n,pos,1
804,高端,n,pos,2
804,大气,n,pos,3
804,上档次,b,pos,4
804,值得,v,pos,5
804,拥有,v,pos,6
806,售后服务,l,pos,0
806,支持,v,pos,1
806,店家,n,pos,2
807,信任,n,pos,0
807,速度,n,pos,1
807,很快,d,pos,2
807,小哥,n,pos,3
807,很棒,a,pos,4
807,希望,v,pos,5
807,做好,v,pos,6
807,好好,d,pos,7
807,好好,d,pos,8
807,好好,d,pos,9
810,力,n,pos,0
810,快递,v,pos,1
810,小哥,n,pos,2
810,搬,v,pos,3
810,楼,n,pos,4
810,辛苦,a,pos,5
814,满意,v,pos,0
814,服务,vn,pos,1
814,送货,v,pos,2
814,服务,vn,pos,3
815,装完,v,pos,0
815,试,v,pos,1
815,不错,a,pos,2
815,温度,n,pos,3
815,随心所欲,i,pos,4
815,燃气,n,pos,5
815,试试,vn,pos,6
815,电,n,pos,7
815,期待,v,pos,8
815,安装,v,pos,9
815,师傅,nr,pos,10
815,态度,n,pos,11
815,安装,v,pos,12
815,专业,n,pos,13
815,走,v,pos,14
815,整齐,d,pos,15
815,免费,vn,pos,16
815,帮,v,pos,17
815,装,v,pos,18
815,混水,n,pos,19
815,器,n,pos,20
815,赞,v,pos,21
816,物流,n,pos,0
816,好评,v,pos,1
818,没想到,l,pos,0
818,快递,v,pos,1
818,头天,t,pos,2
818,晚上,t,pos,3
818,下单,n,pos,4
818,第二天,m,pos,5
818,乡镇,n,pos,6
818,领先,n,pos,7
818,大件,n,pos,8
818,放心,v,pos,9
818,安装,v,pos,10
818,很快,d,pos,11
822,商品,n,pos,0
822,师傅,nr,pos,1
822,配送,v,pos,2
822,安装,v,pos,3
822,满意,v,pos,4
823,很好,a,pos,0
823,空调,n,pos,1
823,品牌,n,pos,2
823,值得,v,pos,3
823,信赖,n,pos,4
823,送货,v,pos,5
823,值得,v,pos,6
823,推荐,v,pos,7
823,购买,v,pos,8
828,几天,m,pos,0
828,评价,n,pos,1
828,不错,a,pos,2
828,保温,n,pos,3
828,效果,n,pos,4
828,喜欢,v,pos,5
828,安装,v,pos,6
828,师傅,nr,pos,7
828,热情,n,pos,8
830,物流,n,pos,0
830,很快,d,pos,1
830,服务,vn,pos,2
830,家电,j,pos,3
830,家电,j,pos,4
835,好评,v,pos,0
835,商城,ns,pos,1
835,东西,ns,pos,2
837,信赖,n,pos,0
837,质量,n,pos,1
837,推荐,v,pos,2
837,下次,t,pos,3
837,购买,v,pos,4
838,安好,a,pos,0
838,没用,v,pos,1
838,物流,n,pos,2
838,很快,d,pos,3
838,态度,n,pos,4
838,安装,v,pos,5
838,师傅,nr,pos,6
838,干,v,pos,7
838,还给,v,pos,8
838,讲解,v,pos,9
838,功能,n,pos,10
838,好评,v,pos,11
843,送货,v,pos,0
843,速度,n,pos,1
843,安装,v,pos,2
843,师傅,nr,pos,3
843,态度,n,pos,4
843,好评,v,pos,5
845,老妈,n,pos,0
845,打电话,l,pos,1
845,回家,n,pos,2
845,老妈,n,pos,3
845,产品,n,pos,4
845,不错,a,pos,5
845,上门,ns,pos,6
845,安装,v,pos,7
845,不用,v,pos,8
845,辛苦,a,pos,9
845,安装,v,pos,10
848,物美价廉,l,pos,0
848,东西,ns,pos,1
848,值得,v,pos,2
848,推荐,v,pos,3
849,值得,v,pos,0
849,信赖,n,pos,1
865,安装,v,pos,0
865,满意,v,pos,1
865,服务态度,n,pos,2
867,货真价实,l,pos,0
867,东西,ns,pos,1
867,不错,a,pos,2
867,值得,v,pos,3
867,购买,v,pos,4
867,支持,v,pos,5
874,速度,n,pos,0
874,很快,d,pos,1
874,昨天,t,pos,2
874,下单,n,pos,3
874,收到,v,pos,4
874,点,m,pos,5
874,赞,v,pos,6
875,品牌,n,pos,0
875,值得,v,pos,1
875,信赖,n,pos,2
875,安装,v,pos,3
875,师傅,nr,pos,4
875,服务态度,n,pos,5
875,安装,v,pos,6
875,满意,v,pos,7
878,下单,n,pos,0
878,无货,n,pos,1
878,外地,n,pos,2
878,调货,vn,pos,3
878,昨天中午,t,pos,4
878,送到,v,pos,5
878,签收,v,pos,6
878,昨晚,t,pos,7
878,安装,v,pos,8
878,师傅,nr,pos,9
878,打电话,l,pos,10
878,预约,v,pos,11
878,安装,v,pos,12
878,上午,t,pos,13
878,九点,m,pos,14
878,周师傅,nr,pos,15
878,上门,ns,pos,16
878,先,d,pos,17
878,卸掉,v,pos,18
878,旧,a,pos,19
878,还好,v,pos,20
878,打孔,v,pos,21
878,找,v,pos,22
878,物业,n,pos,23
878,换,v,pos,24
878,插座,n,pos,25
878,通电,j,pos,26
878,加热,v,pos,27
878,加热,v,pos,28
878,很好,a,pos,29
878,安装,v,pos,30
878,专业,n,pos,31
879,满意,v,pos,0
879,购物,n,pos,1
879,物美价廉,l,pos,2
879,值得,v,pos,3
879,选择,v,pos,4
882,总体,n,pos,0
882,不错,a,pos,1
882,自营,vn,pos,2
882,销售,vn,pos,3
882,实体店,n,pos,4
882,便宜,a,pos,5
882,到货,v,pos,6
882,售后,n,pos,7
882,电话,n,pos,8
882,售后,n,pos,9
882,负责,v,pos,10
882,很快,d,pos,11
882,售后,n,pos,12
882,当天,t,pos,13
882,找到,v,pos,14
882,安装,v,pos,15
882,人员,n,pos,16
882,安装,v,pos,17
882,配件,n,pos,18
882,花钱,n,pos,19
882,整合,v,pos,20
882,过程,n,pos,21
882,比较满意,l,pos,22
882,售后,n,pos,23
882,点,m,pos,24
882,赞,v,pos,25
886,物流,n,pos,0
886,师傅,nr,pos,1
886,安装,v,pos,2
886,特别,d,pos,3
886,效率,n,pos,4
886,原先,d,pos,5
886,坏,a,pos,6
886,特别,d,pos,7
886,影响,vn,pos,8
886,家庭,n,pos,9
886,还好,v,pos,10
886,送货,v,pos,11
886,速度,n,pos,12
886,提前,v,pos,13
886,预约,v,pos,14
886,行,v,pos,15
886,出点,n,pos,16
886,材料费,n,pos,17
886,接受,v,pos,18
886,一段时间,l,pos,19
886,热水,n,pos,20
886,速度,n,pos,21
886,特别,d,pos,22
886,完美,a,pos,23
896,物流,n,pos,0
896,很快,d,pos,1
896,第二天,m,pos,2
896,售后,n,pos,3
896,安装,v,pos,4
902,正品,n,pos,0
902,服务,vn,pos,1
902,物流,n,pos,2
902,很快,d,pos,3
902,点,m,pos,4
902,赞,v,pos,5
905,送货,v,pos,0
905,很快,d,pos,1
905,第二天,m,pos,2
905,送过来,l,pos,3
905,样子,n,pos,4
905,不错,a,pos,5
905,美观,nz,pos,6
905,好不好,l,pos,7
905,试试,vn,pos,8
905,送货,v,pos,9
905,师傅,nr,pos,10
905,服务,vn,pos,11
910,送货,v,pos,0
910,速度,n,pos,1
910,很快,d,pos,2
910,商品质量,n,pos,3
910,服务态度,n,pos,4
910,赞,v,pos,5
915,物流,n,pos,0
915,满意,v,pos,1
915,产品,n,pos,2
915,售后服务,l,pos,3
915,满意,v,pos,4
918,家电,j,pos,0
918,样样,n,pos,1
918,正品,n,pos,2
918,货品,n,pos,3
918,喜欢,v,pos,4
918,家电,j,pos,5
918,服务,vn,pos,6
921,送货,v,pos,0
921,速度,n,pos,1
921,很快,d,pos,2
921,安装,v,pos,3
921,师傅,nr,pos,4
921,专业,n,pos,5
921,热心,n,pos,6
921,操作,v,pos,7
921,简单,a,pos,8
922,很好,d,pos,0
922,燃气,n,pos,1
922,好用,v,pos,2
922,冬天,t,pos,3
922,热水,n,pos,4
922,很快,d,pos,5
922,噪音,n,pos,6
931,不错,a,pos,0
931,安装,v,pos,1
931,材料费,n,pos,2
931,关键,n,pos,3
931,喷淋,z,pos,4
931,头,n,pos,5
931,仔细,ad,pos,6
931,还好,v,pos,7
933,好评,v,pos,0
933,不错,a,pos,1
933,东西,ns,pos,2
933,信任,n,pos,3
933,物流,n,pos,4
933,服务,vn,pos,5
935,货,n,pos,0
935,很快,d,pos,1
935,收到,v,pos,2
935,满意,v,pos,3
935,外观,n,pos,4
935,漂亮,a,pos,5
935,耐看,a,pos,6
935,价格比,n,pos,7
935,外面,f,pos,8
935,便宜,a,pos,9
935,值得,v,pos,10
936,昨天,t,pos,0
936,购买,v,pos,1
936,安装,v,pos,2
936,无敌,v,pos,3
936,物流,n,pos,4
936,无敌,v,pos,5
936,速度,n,pos,6
936,大大的,nz,pos,7
936,好评,v,pos,8
940,快递,v,pos,0
940,力,n,pos,1
940,六楼,ns,pos,2
940,电梯,n,pos,3
940,扛上来,l,pos,4
940,哥哥,ns,pos,5
940,大大的,nz,pos,6
940,赞,v,pos,7
940,安装,v,pos,8
940,挺快,v,pos,9
940,第二天,m,pos,10
940,安装,v,pos,11
940,天气,n,pos,12
940,广东,ns,pos,13
940,三个,m,pos,14
940,洗,v,pos,15
940,够用,v,pos,16
940,品牌,n,pos,17
940,值得,v,pos,18
940,信赖,n,pos,19
941,昨天,t,pos,0
941,下单,n,pos,1
941,收到,v,pos,2
941,感谢,v,pos,3
943,品牌,n,pos,0
943,值得,v,pos,1
943,信赖,n,pos,2
943,装,v,pos,3
943,不错,a,pos,4
943,热水,n,pos,5
943,足,a,pos,6
951,第一,m,pos,0
951,快递,v,pos,1
951,力,n,pos,2
951,外形,n,pos,3
951,美观,nz,pos,4
951,第三,m,pos,5
951,品牌,n,pos,6
951,保障,v,pos,7
951,第四,m,pos,8
951,热,a,pos,9
951,很快,d,pos,10
951,五六十,m,pos,11
951,升够,v,pos,12
951,家人,n,pos,13
951,颜值,n,pos,14
951,打动,v,pos,15
951,好看,v,pos,16
951,安装,v,pos,17
951,师傅,nr,pos,18
951,热情,n,pos,19
951,总体,n,pos,20
951,满意,v,pos,21
954,外观,n,pos,0
954,漂亮,a,pos,1
954,精致,a,pos,2
954,实用,v,pos,3
954,价格,n,pos,4
954,实惠,vn,pos,5
954,品牌,n,pos,6
954,值得,v,pos,7
954,信赖,n,pos,8
954,朋友,n,pos,9
954,下单,n,pos,10
954,台,q,pos,11
954,朋友,n,pos,12
954,介绍,v,pos,13
954,下单,n,pos,14
954,大小,b,pos,15
954,适合,v,pos,16
954,保修,v,pos,17
954,八年,t,pos,18
954,放心,v,pos,19
954,实用,v,pos,20
959,回头客,n,pos,0
959,质量,n,pos,1
959,值得,v,pos,2
959,信赖,n,pos,3
962,物流,n,pos,0
962,服务态度,n,pos,1
962,品质,n,pos,2
962,值得,v,pos,3
962,信赖,n,pos,4
962,电器,n,pos,5
962,首选,v,pos,6
967,东西,ns,pos,0
967,很好,d,pos,1
967,很好,a,pos,2
967,价格便宜,n,pos,3
967,支持,v,pos,4
968,不错,a,pos,0
968,实用,v,pos,1
968,喜欢,v,pos,2
968,购物,n,pos,3
968,放心,v,pos,4
968,支持,v,pos,5
971,外观,n,pos,0
971,漂亮,a,pos,1
971,精致,a,pos,2
971,实用,v,pos,3
971,大小,b,pos,4
971,适合,v,pos,5
971,电源线,n,pos,6
971,足够,v,pos,7
971,长,a,pos,8
971,品牌,n,pos,9
971,信赖,n,pos,10
971,帮,v,pos,11
971,朋友,n,pos,12
971,朋友,n,pos,13
971,介绍,v,pos,14
971,下单,n,pos,15
971,省,n,pos,16
971,电,n,pos,17
971,般,u,pos,18
971,电流,n,pos,19
971,插座,n,pos,20
971,适合,v,pos,21
971,长期,d,pos,22
974,品牌,n,pos,0
974,保证,v,pos,1
974,质量,n,pos,2
974,保证,v,pos,3
974,信赖,n,pos,4
977,产品,n,pos,0
977,满意,v,pos,1
977,购物,n,pos,2
977,体验,n,pos,3
977,下次,t,pos,4
978,产品,n,pos,0
978,满意,v,pos,1
978,购物,n,pos,2
978,体验,n,pos,3
978,下次,t,pos,4
980,坏,a,pos,0
980,换,v,pos,1
980,一台,m,pos,2
980,新,a,pos,3
980,前天,t,pos,4
980,购买,v,pos,5
980,中午,t,pos,6
980,下午,t,pos,7
980,安装,v,pos,8
980,到位,v,pos,9
980,挺不错,i,pos,10
980,值得,v,pos,11
980,信赖,n,pos,12
980,品牌,n,pos,13
985,产品,n,pos,0
985,不错,a,pos,1
985,安装,v,pos,2
985,师傅,nr,pos,3
985,到位,v,pos,4
985,客气,n,pos,5
985,物流,n,pos,6
985,喜欢,v,pos,7
985,自营,vn,pos,8
985,产品,n,pos,9
985,售后服务,l,pos,10
985,到位,v,pos,11
985,电话,n,pos,12
985,回访,v,pos,13
991,到货,v,pos,0
991,速度,n,pos,1
991,加热,v,pos,2
991,效果,n,pos,3
991,款式,n,pos,4
991,大气,n,pos,5
991,满意,v,pos,6
991,网购,n,pos,7
997,图片,n,pos,0
997,描述,v,pos,1
997,试用,vn,pos,2
997,水热,n,pos,3
997,挺快,v,pos,4
999,超级,b,pos,0
999,好用,v,pos,1
999,一款,m,pos,2
999,品牌,n,pos,3
999,信,n,pos,4
999,第一天,m,pos,5
999,第二天,m,pos,6
999,售后,n,pos,7
999,安装,v,pos,8
999,满意,v,pos,9
999,购物,n,pos,10
999,热水,n,pos,11
999,特别,d,pos,12
1001,不错,a,neg,0
1001,品牌,n,neg,1
1001,服务态度,n,neg,2
1001,品牌,n,neg,3
1001,放心,v,neg,4
1001,售后,n,neg,5
1001,完美,a,neg,6
1001,家里,s,neg,7
1001,好几样,m,neg,8
1001,产品,n,neg,9
1001,追评,v,neg,10
1018,速度,n,neg,0
1018,很快,d,neg,1
1018,便宜,a,neg,2
1025,品质,n,neg,0
1025,质量,n,neg,1
1025,图,n,neg,2
1025,错觉,n,neg,3
1025,买花,n,neg,4
1025,安装,v,neg,5
1025,花,v,neg,6
1025,忍,v,neg,7
1025,花,v,neg,8
1025,洒,v,neg,9
1025,用过,v,neg,10
1025,两次,m,neg,11
1025,掉,v,neg,12
1025,地上,s,neg,13
1025,成,v,neg,14
1025,图片,n,neg,15
1025,样子,n,neg,16
1025,请问,v,neg,17
1025,玻璃,n,neg,18
1025,做,v,neg,19
1025,品质,n,neg,20
1025,一次性,d,neg,21
1025,语,n,neg,22
1025,信赖,n,neg,23
1025,小伙伴,n,neg,24
1025,实体店,n,neg,25
1025,不靠,v,neg,26
1025,谱,v,neg,27
1031,送货,v,neg,0
1031,确实,ad,neg,1
1031,很快,d,neg,2
1031,物流,n,neg,3
1031,点,m,neg,4
1031,赞,v,neg,5
1031,送过来,l,neg,6
1031,筒子,n,neg,7
1031,配件,n,neg,8
1031,人无语,i,neg,9
1031,本来,t,neg,10
1031,家里,s,neg,11
1031,老人,n,neg,12
1031,老人家,n,neg,13
1031,四处,m,neg,14
1031,配件,n,neg,15
1031,安装,v,neg,16
1031,安装,v,neg,17
1031,结束,v,neg,18
1031,后才,t,neg,19
1031,告诉,v,neg,20
1031,老人,n,neg,21
1031,管子,n,neg,22
1031,米,m,neg,23
1031,收费,n,neg,24
1031,总共,b,neg,25
1031,块,q,neg,26
1031,配件,n,neg,27
1031,安装费,n,neg,28
1031,花,v,neg,29
1031,坑,n,neg,30
1031,字,n,neg,31
1031,星,n,neg,32
1058,送货,v,neg,0
1058,送到,v,neg,1
1058,电梯,n,neg,2
1058,门口,s,neg,3
1058,沉叫,v,neg,4
1058,抬回去,l,neg,5
1058,家电,j,neg,6
1058,东西,ns,neg,7
1058,送到,v,neg,8
1058,门口,s,neg,9
1058,服务,vn,neg,10
1058,满意,v,neg,11
1060,满意,v,neg,0
1060,机身,n,neg,1
1060,单独,d,neg,2
1060,购买,v,neg,3
1060,客服,n,neg,4
1060,提前,v,neg,5
1060,最差,a,neg,6
1060,购物,n,neg,7
1060,体验,n,neg,8
1069,东西,ns,neg,0
1069,不错,a,neg,1
1069,加热,v,neg,2
1069,很快,d,neg,3
1069,扣,v,neg,4
1069,四颗星,n,neg,5
1069,是因为,c,neg,6
1069,安装,v,neg,7
1069,人员,n,neg,8
1069,需,v,neg,9
1069,整顿,m,neg,10
1069,肃,nr,neg,11
1069,风,n,neg,12
1069,符合,v,neg,13
1069,安装,v,neg,14
1069,规范,n,neg,15
1069,符合,v,neg,16
1069,说不清楚,l,neg,17
1069,块钱,n,neg,18
1069,帮,v,neg,19
1069,安装,v,neg,20
1069,符合,v,neg,21
1069,安装,v,neg,22
1069,符合,v,neg,23
1069,给点钱,v,neg,24
1069,符合,v,neg,25
1069,安装,v,neg,26
1069,规范,n,neg,27
1069,语,ng,neg,28
1069,找,v,neg,29
1069,安装,v,neg,30
1069,素质,n,neg,31
1069,安装,v,neg,32
1069,人员,n,neg,33
1069,丢脸,v,neg,34
1069,家,q,neg,35
1088,师傅,nr,neg,0
1088,安装,v,neg,1
1088,满意,v,neg,2
1088,购物,n,neg,3
1088,明明,t,neg,4
1088,安装,v,neg,5
1088,用到,v,neg,6
1088,支架,n,neg,7
1088,产品,n,neg,8
1088,误导,n,neg,9
1088,购买,v,neg,10
1088,售后,n,neg,11
1088,支架,n,neg,12
1088,嫌疑,v,neg,13
1088,售后,n,neg,14
1088,安装,v,neg,15
1088,限价,v,neg,16
1088,原则,n,neg,17
1088,必须品,n,neg,18
1088,排除,v,neg,19
1088,在外,v,neg,20
1088,不合理,n,neg,21
1088,安装,v,neg,22
1088,收费,n,neg,23
1088,超出,v,neg,24
1088,预期,vn,neg,25
1088,太,d,neg,26
1096,真,d,neg,0
1096,黑,a,neg,1
1096,免费,vn,neg,2
1096,安装,v,neg,3
1096,材料费,n,neg,4
1096,以直,d,neg,5
1096,信赖,n,neg,6
1096,太,d,neg,7
1096,失望,v,neg,8
1107,售后服务,l,neg,0
1107,收费,n,neg,1
1107,安装,v,neg,2
1107,进屋,v,neg,3
1107,我一,r,neg,4
1107,跳,v,neg,5
1107,好像,v,neg,6
1107,垃圾场,n,neg,7
1107,工人,n,neg,8
1107,甩,v,neg,9
1107,甩,v,neg,10
1107,腿,n,neg,11
1107,走,v,neg,12
1107,家里,s,neg,13
1107,卫生,an,neg,14
1107,打扫,v,neg,15
1107,整,m,neg,16
1107,马桶,n,neg,17
1107,透视,v,neg,18
1107,水泥,n,neg,19
1107,灰,n,neg,20
1107,满意,v,neg,21
1111,安装,v,neg,0
1111,效果,n,neg,1
1111,满意,v,neg,2
1111,换,v,neg,3
1111,换,nz,neg,4
1111,谁家,r,neg,5
1111,新,a,neg,6
1111,东西,ns,neg,7
1111,安装,v,neg,8
1111,效果,n,neg,9
1111,露,v,neg,10
1111,螺丝,n,neg,11
1111,堵头,v,neg,12
1111,网上,s,neg,13
1111,东西,ns,neg,14
1111,生气,n,neg,15
1111,言语,nr,neg,16
1113,安装,v,neg,0
1113,在家,r,neg,1
1113,忽悠,z,neg,2
1113,老人,n,neg,3
1113,好多,m,neg,4
1113,材料,n,neg,5
1113,花,n,neg,6
1113,含,v,neg,7
1113,花,v,neg,8
1113,洒,v,neg,9
1113,不可思议,i,neg,10
1113,一笔,m,neg,11
1113,钱,n,neg,12
1113,早,a,neg,13
1113,别家,r,neg,14
1113,还好,v,neg,15
1113,送,v,neg,16
1113,东西,ns,neg,17
1113,满意,v,neg,18
1140,收到,v,neg,0
1140,客服,n,neg,1
1140,寻宝记,nr,neg,2
1140,活动,vn,neg,3
1140,随机,d,neg,4
1140,发货,n,neg,5
1140,活动,vn,neg,6
1140,提示,v,neg,7
1140,没收,v,neg,8
1140,礼品,n,neg,9
1140,满意,v,neg,10
1140,购物,n,neg,11
1140,回不来,v,neg,12
1153,一个月,m,neg,0
1153,时间,n,neg,1
1153,坏,a,neg,2
1153,不想,v,neg,3
1153,伤害,a,neg,4
1153,品牌,n,neg,5
1153,质检,j,neg,6
1153,换,v,neg,7
1153,机器,n,neg,8
1153,难,a,neg,9
1153,流程,n,neg,10
1153,年,m,neg,11
1153,十五,m,neg,12
1153,过年,t,neg,13
1153,烧水,n,neg,14
1153,洗澡,v,neg,15
1153,半个,m,neg,16
1153,月,m,neg,17
1153,花钱买,ns,neg,18
1153,难受,v,neg,19
1153,客服,n,neg,20
1153,电话,n,neg,21
1153,不通,a,neg,22
1153,心塞,n,neg,23
1153,想,v,neg,24
1153,脏话,n,neg,25
1153,售后,n,neg,26
1153,还好,v,neg,27
1153,点,m,neg,28
1153,机,n,neg,29
1153,全家,n,neg,30
1153,闹心,v,neg,31
1153,钱,n,neg,32
1153,客户,n,neg,33
1153,过年,t,neg,34
1153,忙,v,neg,35
1153,搪塞,v,neg,36
1153,度,zg,neg,37
1153,热水,n,neg,38
1153,机器,n,neg,39
1153,回来,v,neg,40
1153,换评,v,neg,41
1200,东西,ns,neg,0
1200,安装,v,neg,1
1200,免费,vn,neg,2
1200,收,v,neg,3
1200,材料费,n,neg,4
1200,加,v,neg,5
1200,一气之下,i,neg,6
1200,装,v,neg,7
1200,安装,v,neg,8
1200,购买,v,neg,9
1200,配件,n,neg,10
1200,搞定,v,neg,11
1200,机器,n,neg,12
1200,安装费,n,neg,13
1200,零件,mq,neg,14
1200,机器,n,neg,15
1200,好坏,v,neg,16
1200,值得,v,neg,17
1200,思考,v,neg,18
1200,零件,mq,neg,19
1200,全,a,neg,20
1200,拿走,v,neg,21
1200,买齐,v,neg,22
1219,奉劝,v,neg,0
1219,要买,v,neg,1
1219,朋友,n,neg,2
1219,双十,m,neg,3
1219,老婆,n,neg,4
1219,一台,m,neg,5
1219,将心比心,i,neg,6
1219,配送,v,neg,7
1219,很快,d,neg,8
1219,质量,n,neg,9
1219,不敢恭维,l,neg,10
1219,十天,m,neg,11
1219,陆续,d,neg,12
1219,温度,n,neg,13
1219,面板,n,neg,14
1219,显示,v,neg,15
1219,温度,n,neg,16
1219,加热,v,neg,17
1219,协商,n,neg,18
1219,换货,nz,neg,19
1219,服务,vn,neg,20
1219,深感,a,neg,21
1219,遗憾,a,neg,22
1219,服务,vn,neg,23
1219,差劲,n,neg,24
1219,解决问题,n,neg,25
1219,敷衍,v,neg,26
1219,顾客,nr,neg,27
1219,一点,m,neg,28
1219,卖家,n,neg,29
1219,选择,v,neg,30
1238,洗,v,neg,0
1238,洗,v,neg,1
1238,水,n,neg,2
1238,温度,n,neg,3
1238,低,a,neg,4
1238,怎么回事,l,neg,5
1238,烧到,v,neg,6
1238,度,q,neg,7
1238,洗,v,neg,8
1238,几个,m,neg,9
1238,洗,v,neg,10
1238,水,n,neg,11
1238,温度,n,neg,12
1238,低,a,neg,13
1238,满意,v,neg,14
1238,买到,v,neg,15
1238,坏,a,neg,16
1238,商品,n,neg,17
1260,客服,n,neg,0
1260,沟通,v,neg,1
1260,太,d,neg,2
1260,费劲,a,neg,3
1260,产品,n,neg,4
1260,好评,v,neg,5
1260,涨,v,neg,6
1260,真,d,neg,7
1260,失望,v,neg,8
1264,发现,v,neg,0
1264,卫生间,n,neg,1
1264,渗水,v,neg,2
1264,厉害,a,neg,3
1264,昨天,t,neg,4
1264,做,v,neg,5
1264,防水,v,neg,6
1264,发现,v,neg,7
1264,楼上,s,neg,8
1264,水管,n,neg,9
1264,安装,v,neg,10
1264,工人,n,neg,11
1264,打穿,v,neg,12
1264,打碎,v,neg,13
1268,超级,b,neg,0
1268,满意,v,neg,1
1268,加热,v,neg,2
1268,声音,n,neg,3
1268,太,d,neg,4
1268,客服,n,neg,5
1268,不理,v,neg,6
1319,产品,n,neg,0
1319,暂时,d,neg,1
1319,安排,v,neg,2
1319,安装,v,neg,3
1319,评价,n,neg,4
1319,删除,v,neg,5
1319,用电,n,neg,6
1319,东西,ns,neg,7
1319,安装,v,neg,8
1319,专业,n,neg,9
1319,请问,v,neg,10
1319,电死人,n,neg,11
1319,赔偿,v,neg,12
1319,员工,n,neg,13
1319,培训,vn,neg,14
1319,就让,v,neg,15
1319,员工,n,neg,16
1319,工作,vn,neg,17
1319,态度,n,neg,18
1319,满意,v,neg,19
1319,咨询,vn,neg,20
1319,客服,n,neg,21
1319,字,n,neg,22
1319,回,v,neg,23
1319,差,a,neg,24
1319,评,n,neg,25
1319,收,v,neg,26
1319,理所应当,i,neg,27
1339,满意,v,neg,0
1339,安装,v,neg,1
1339,师傅,nr,neg,2
1339,态度,n,neg,3
1339,差,a,neg,4
1339,糟心,a,neg,5
1358,遥控器,n,neg,0
1358,不翼而飞,i,neg,1
1358,压根,n,neg,2
1358,清单,a,neg,3
1358,明明,t,neg,4
1358,特地,n,neg,5
1358,问,v,neg,6
1358,安装,v,neg,7
1358,人员,n,neg,8
1358,加温,v,neg,9
1358,很快,d,neg,10
1358,满意,v,neg,11
1358,遥控器,n,neg,12
1362,产品,n,neg,0
1362,不错,a,neg,1
1362,售后服务,l,neg,2
1362,太,d,neg,3
1362,差,a,neg,4
1362,安装,v,neg,5
1362,师傅,nr,neg,6
1362,态度,n,neg,7
1362,烦躁,a,neg,8
1362,干活,a,neg,9
1362,毛躁,a,neg,10
1362,材料,n,neg,11
1362,塑料,n,neg,12
1362,收费,n,neg,13
1362,漫天要价,i,neg,14
1362,起码,n,neg,15
1362,收费,n,neg,16
1362,标准,n,neg,17
1362,价格表,n,neg,18
1362,服务,vn,neg,19
1362,总台,n,neg,20
1362,敷衍了事,i,neg,21
1362,维护,v,neg,22
1362,客户,n,neg,23
1362,利益,n,neg,24
1362,满意,v,neg,25
1362,有理,vn,neg,26
1362,没出,v,neg,27
1362,售后,n,neg,28
1362,真的,d,neg,29
1362,品牌,n,neg,30
1362,做,v,neg,31
1362,请,v,neg,32
1362,客户,n,neg,33
1362,慎重,a,neg,34
1381,销售量,n,neg,0
1381,唯一,b,neg,1
1381,配件,n,neg,2
1381,不匹,m,neg,3
1381,套,n,neg,4
1381,一部分,m,neg,5
1381,配件,n,neg,6
1381,花钱买,ns,neg,7
1381,配件,n,neg,8
1381,满意,v,neg,9
1381,满意,v,neg,10
1397,没给,v,neg,0
1397,送到,v,neg,1
1397,领到,v,neg,2
1397,货,n,neg,3
1397,好评,v,neg,4
1397,双定,b,neg,5
1397,没到,v,neg,6
1469,物流,n,neg,0
1469,不错,a,neg,1
1469,很快,d,neg,2
1469,厂家,n,neg,3
1469,安装,v,neg,4
1469,人员,n,neg,5
1469,太,d,neg,6
1469,差,a,neg,7
1469,说好,v,neg,8
1469,安装,v,neg,9
1469,有不来,l,neg,10
1469,害,v,neg,11
1469,在家,r,neg,12
1469,一整天,m,neg,13
1469,打电话,l,neg,14
1471,安装,v,neg,0
1471,在家,r,neg,1
1471,母亲,n,neg,2
1471,在家,r,neg,3
1471,售后,n,neg,4
1471,电话,n,neg,5
1471,好评,v,neg,6
1471,要用,v,neg,7
1471,父亲,n,neg,8
1471,管子,n,neg,9
1471,凉水,n,neg,10
1471,结们,n,neg,11
1471,安装,v,neg,12
1471,师傅,nr,neg,13
1471,改天,v,neg,14
1471,顺路,n,neg,15
1471,改,v,neg,16
1471,无奈,d,neg,17
1471,父亲,n,neg,18
1471,改,v,neg,19
1471,下班,v,neg,20
1471,家,q,neg,21
1471,板子,n,neg,22
1491,加热,v,neg,0
1491,慢,a,neg,1
1491,分钟,q,neg,2
1491,加热,v,neg,3
1491,度,zg,neg,4
1491,去年,t,neg,5
1491,海尔,nrt,neg,6
1491,加热,v,neg,7
1491,很快,d,neg,8
1491,外观,n,neg,9
1491,海尔,nrt,neg,10
1491,质量,n,neg,11
1491,海尔,nrt,neg,12
1491,三个,m,neg,13
1491,加热,v,neg,14
1491,档位,n,neg,15
1491,购物,n,neg,16
1491,满意,v,neg,17
1491,找,v,neg,18
1491,客服,n,neg,19
1491,寻求,v,neg,20
1491,解决,v,neg,21
1491,客服,n,neg,22
1491,办法,n,neg,23
1491,退换,v,neg,24
1491,只能,v,neg,25
1491,扔,v,neg,26
1491,海尔,nrt,neg,27
1491,以旧换新,l,neg,28
1491,不行,v,neg,29
1512,本来,t,neg,0
1512,好评,v,neg,1
1512,售后,n,neg,2
1512,收费,n,neg,3
1512,太,d,neg,4
1512,夸张,v,neg,5
1512,两根,m,neg,6
1512,管子,n,neg,7
1512,收,v,neg,8
1512,一百块,m,neg,9
1512,钱,n,neg,10
1512,拍,v,neg,11
1512,评评理,n,neg,12
1512,试问,v,neg,13
1512,两根,m,neg,14
1512,管子,n,neg,15
1512,能值,n,neg,16
1512,一百块,m,neg,17
1512,实体店,n,neg,18
1512,管子,n,neg,19
1512,值,v,neg,20
1512,五十元,m,neg,21
1512,一根,m,neg,22
1518,远离,v,neg,0
1518,平台,n,neg,1
1518,服务,vn,neg,2
1518,太,d,neg,3
1518,差,a,neg,4
1518,好评,v,neg,5
1518,给与,v,neg,6
1518,售后服务,l,neg,7
1518,赞,v,neg,8
1518,购买,v,neg,9
1518,此款,r,neg,10
1518,家庭,n,neg,11
1518,线路,n,neg,12
1518,电压,n,neg,13
1518,稳,a,neg,14
1518,连续,a,neg,15
1518,调整,vn,neg,16
1518,导致,v,neg,17
1518,卧室,n,neg,18
1518,吊灯,n,neg,19
1518,烧毁,v,neg,20
1518,售后,n,neg,21
1518,协助,v,neg,22
1518,确认,v,neg,23
1518,电压,n,neg,24
1518,稳,a,neg,25
1518,特,d,neg,26
1518,申请,v,neg,27
1518,天无,i,neg,28
1518,理由,n,neg,29
1518,退货,v,neg,30
1518,天无,i,neg,31
1518,理由,n,neg,32
1518,退货,v,neg,33
1518,打折,v,neg,34
1518,退货,v,neg,35
1518,只能,v,neg,36
1518,退,v,neg,37
1518,八折,m,neg,38
1518,退货,v,neg,39
1518,态度强硬,n,neg,40
1518,电压,n,neg,41
1518,无关,v,neg,42
1518,平台,n,neg,43
1518,东西,ns,neg,44
1518,天无,i,neg,45
1518,理由,n,neg,46
1518,全款,n,neg,47
1518,衣服,n,neg,48
1518,适合,v,neg,49
1518,全款,n,neg,50
1518,退,v,neg,51
1518,折退,v,neg,52
1518,鸟,zg,neg,53
1518,规则,n,neg,54
1518,最终,d,neg,55
1518,协调,v,neg,56
1518,售后,n,neg,57
1518,最终,d,neg,58
1518,售后,n,neg,59
1518,态度,n,neg,60
1518,诚恳,a,neg,61
1518,服务,vn,neg,62
1518,家庭,n,neg,63
1518,大大小小,z,neg,64
1518,台,q,neg,65
1518,产品,n,neg,66
1518,远离,v,neg,67
1521,满意,v,neg,0
1521,空中,s,neg,1
1521,砖,n,neg,2
1521,安装,v,neg,3
1521,支架,n,neg,4
1521,块,q,neg,5
1521,网上,s,neg,6
1521,品牌,n,neg,7
1521,块,q,neg,8
1521,真,d,neg,9
1521,想,v,neg,10
1521,抢,v,neg,11
1521,免费,vn,neg,12
1521,安装,v,neg,13
1521,坑人,n,neg,14
1521,与其说是,c,neg,15
1521,免费,vn,neg,16
1521,安装,v,neg,17
1521,不如说是,c,neg,18
1521,高价,n,neg,19
1521,卖,v,neg,20
1521,配件,n,neg,21
1521,送货,v,neg,22
1521,就让,v,neg,23
1521,弄,v,neg,24
1521,手机,n,neg,25
1521,好评,v,neg,26
1521,套路,n,neg,27
1521,深,a,neg,28
1521,好评,v,neg,29
1521,卖,v,neg,30
1521,造假,v,neg,31
1521,后悔,v,neg,32
1529,第一次,m,neg,0
1529,家电,j,neg,1
1529,一台,m,neg,2
1529,空调,n,neg,3
1529,好评率,n,neg,4
1529,安装,v,neg,5
1529,师傅,nr,neg,6
1529,好评,v,neg,7
1529,拍照,v,neg,8
1529,确认,v,neg,9
1529,好评,v,neg,10
1529,扣,v,neg,11
1529,钱,n,neg,12
1529,好评,v,neg,13
1566,设计,vn,neg,0
1566,水压,n,neg,1
1566,减,v,neg,2
1566,水小,n,neg,3
1566,跟鬼,v,neg,4
1566,洗,v,neg,5
1566,热水澡,n,neg,6
1566,洗,v,neg,7
1566,真,d,neg,8
1566,他么,r,neg,9
1566,揪心,a,neg,10
1566,装,v,neg,11
1566,水变,n,neg,12
1566,洗,v,neg,13
1566,冷水,n,neg,14
1566,舒坦,a,neg,15
1566,大差,n,neg,16
1566,评,v,neg,17
1566,好评,v,neg,18
1566,设计,vn,neg,19
1566,楼,n,neg,20
1566,估计,v,neg,21
1566,水,n,neg,22
1566,出不来,v,neg,23
1569,登场,n,neg,0
1569,满意,v,neg,1
1569,安装,v,neg,2
1569,拆检,v,neg,3
1569,满意,v,neg,4
1569,安装,v,neg,5
1569,乱收费,n,neg,6
1573,满意,v,neg,0
1573,说好,v,neg,1
1573,包,v,neg,2
1573,安装,v,neg,3
1573,安装,v,neg,4
1573,收费,n,neg,5
1573,加,v,neg,6
1573,加,v,neg,7
1573,材料费,n,neg,8
1593,超级,b,neg,0
1593,满意,v,neg,1
1593,安装,v,neg,2
1593,丢,v,neg,3
1593,一只,m,neg,4
1593,角阀,n,neg,5
1593,买来,v,neg,6
1593,块,zg,neg,7
1593,家里,s,neg,8
1593,找,v,neg,9
1593,不到,v,neg,10
1593,客服,n,neg,11
1593,反馈,v,neg,12
1593,天,q,neg,13
1593,跟进,v,neg,14
1593,核实,n,neg,15
1593,回复,v,neg,16
1593,材料,n,neg,17
1593,帮,v,neg,18
1593,安装,v,neg,19
1593,说好,v,neg,20
1593,免费,vn,neg,21
1593,上门,ns,neg,22
1593,安装,v,neg,23
1593,材料,n,neg,24
1593,情愿,n,neg,25
1593,赚,v,neg,26
1593,点,q,neg,27
1593,小费,n,neg,28
1593,开心,v,neg,29
1593,真的,d,neg,30
1593,生气,n,neg,31
1593,本来,t,neg,32
1593,打算,v,neg,33
1593,冰箱,n,neg,34
1593,电器,n,neg,35
1593,无比,v,neg,36
1593,失望,v,neg,37
1607,满意,v,neg,0
1607,购物,n,neg,1
1607,市场,n,neg,2
1607,卖,v,neg,3
1607,减去,v,neg,4
1607,市场,n,neg,5
1607,贵元,n,neg,6
1607,太,d,neg,7
1607,黑,a,neg,8
1609,特,d,neg,0
1609,堵心,v,neg,1
1609,网购,n,neg,2
1609,商家,n,neg,3
1609,服务,vn,neg,4
1609,电话,n,neg,5
1609,确认,v,neg,6
1609,送货,v,neg,7
1609,时间,n,neg,8
1609,快递,v,neg,9
1609,一如既往,i,neg,10
1609,五星,nz,neg,11
1609,好评,v,neg,12
1609,售后,n,neg,13
1609,安装,v,neg,14
1609,服务,vn,neg,15
1609,中,f,neg,16
1609,太气,n,neg,17
1609,第一天,m,neg,18
1609,中午,t,neg,19
1609,安装,v,neg,20
1609,夜里,t,neg,21
1609,爆裂,v,neg,22
1609,跑,v,neg,23
1609,水,n,neg,24
1609,岁,m,neg,25
1609,老人,n,neg,26
1609,在家,r,neg,27
1609,半夜,m,neg,28
1609,吓死人,v,neg,29
1609,水,n,neg,30
1609,卫生间,n,neg,31
1609,四面,mq,neg,32
1609,喷,v,neg,33
1609,夜里,t,neg,34
1609,售后服务,l,neg,35
1609,人工,n,neg,36
1609,台,q,neg,37
1609,留言,v,neg,38
1609,售后服务,l,neg,39
1609,部,n,neg,40
1609,第二天,m,neg,41
1609,回复,v,neg,42
1609,安排,v,neg,43
1609,安装工,n,neg,44
1609,维修,v,neg,45
1609,名,q,neg,46
1609,安装工,n,neg,47
1609,收取,v,neg,48
1609,材料,n,neg,49
1609,钱,n,neg,50
1609,第一次,m,neg,51
1609,安装,v,neg,52
1609,公司,n,neg,53
1609,用户,n,neg,54
1609,表示歉意,vn,neg,55
1609,用户,n,neg,56
1609,提供,v,neg,57
1609,优质服务,n,neg,58
1609,目地,n,neg,59
1609,诺大,nz,neg,60
1609,公司,n,neg,61
1609,差,a,neg,62
1609,钱,n,neg,63
1609,开,v,neg,64
1609,收据,n,neg,65
1609,用户,n,neg,66
1609,找,v,neg,67
1609,赔偿,v,neg,68
1609,用户,n,neg,69
1609,安装工,n,neg,70
1609,售后服务,l,neg,71
1609,一部分,m,neg,72
1609,真心话,l,neg,73
1609,售后服务,l,neg,74
1609,海尔,nrt,neg,75
1609,差远了,l,neg,76
1624,服用,vn,neg,0
1624,感觉,n,neg,1
1624,蠢,a,neg,2
1624,安装,v,neg,3
1624,师傅,nr,neg,4
1624,强行,v,neg,5
1624,凑,v,neg,6
1624,客服,n,neg,7
1624,回访,v,neg,8
1624,好评,v,neg,9
1624,指出,v,neg,10
1624,收费,n,neg,11
1624,发红包,l,neg,12
1624,滑天下之大稽,l,neg,13
1624,上班,v,neg,14
1624,时间,n,neg,15
1624,陪,v,neg,16
1624,玩,v,neg,17
1624,少,a,neg,18
1624,点,m,neg,19
1624,套路,n,neg,20
1624,多谢,nrt,neg,21
1624,真诚,a,neg,22
1634,安装,v,neg,0
1634,服务,vn,neg,1
1634,满意,v,neg,2
1634,月,m,neg,3
1634,日,m,neg,4
1634,预约,v,neg,5
1634,月,m,neg,6
1634,日,m,neg,7
1634,上午,t,neg,8
1634,安装,v,neg,9
1634,日,m,neg,10
1634,上午,t,neg,11
1634,点,m,neg,12
1634,告诉,v,neg,13
1634,下午,t,neg,14
1634,安装,v,neg,15
1634,排程,n,neg,16
1634,计划,n,neg,17
1634,被打乱,l,neg,18
1634,预约,v,neg,19
1634,安装,v,neg,20
1634,五天,t,neg,21
1634,时间,n,neg,22
1634,五天,t,neg,23
1634,安装,v,neg,24
1634,计划,n,neg,25
1634,不信,v,neg,26
1634,没排,v,neg,27
1634,最晚,t,neg,28
1634,提前,v,neg,29
1634,通知,v,neg,30
1634,更改,v,neg,31
1634,安装,v,neg,32
1634,计划,n,neg,33
1634,行程,n,neg,34
1634,做,v,neg,35
1634,安排,v,neg,36
1634,服务,vn,neg,37
1634,宗旨,n,neg,38
1634,样子,n,neg,39
1634,服务,vn,neg,40
1634,感到,v,neg,41
1634,满意,v,neg,42
1634,服务,vn,neg,43
1634,感到,v,neg,44
1634,满意,v,neg,45
1634,公司,n,neg,46
1634,感到,v,neg,47
1634,满意,v,neg,48
1634,请,v,neg,49
1634,引以为戒,i,neg,50
1634,建议,n,neg,51
1634,此款,r,neg,52
1634,产品,n,neg,53
1643,月初,t,neg,0
1643,下单,n,neg,1
1643,抢,v,neg,2
1643,很快,d,neg,3
1643,送上门,v,neg,4
1643,安装,v,neg,5
1643,设定,v,neg,6
1643,度,zg,neg,7
1643,断电,n,neg,8
1643,情况,n,neg,9
1643,自动,vn,neg,10
1643,升温,v,neg,11
1643,度,q,neg,12
1643,小时,n,neg,13
1643,下降,v,neg,14
1643,度,q,neg,15
1643,启动,vn,neg,16
1643,打电话,l,neg,17
1643,维修,v,neg,18
1643,师傅,nr,neg,19
1643,说度,n,neg,20
1643,以内,f,neg,21
1643,师傅,nr,neg,22
1643,走,v,neg,23
1643,当天,t,neg,24
1643,晚上,t,neg,25
1643,设定,v,neg,26
1643,度,zg,neg,27
1643,没人,l,neg,28
1643,断电,n,neg,29
1643,情况,n,neg,30
1643,下降,v,neg,31
1643,到度,d,neg,32
1643,幅度,n,neg,33
1643,高达度,ns,neg,34
1643,当天,t,neg,35
1643,保修,v,neg,36
1643,维修,v,neg,37
1643,师傅,nr,neg,38
1643,说度,n,neg,39
1643,真,d,neg,40
1643,想,v,neg,41
1643,问问,n,neg,42
1643,没人,l,neg,43
1643,断电,n,neg,44
1643,情况,n,neg,45
1643,设定,v,neg,46
1643,自动,vn,neg,47
1643,回落,v,neg,48
1643,到度,d,neg,49
1643,温差,n,neg,50
1643,度,zg,neg,51
1643,告诉,v,neg,52
1643,浮动,vn,neg,53
1643,度,zg,neg,54
1643,专业,n,neg,55
1643,人员,n,neg,56
1643,做,v,neg,57
1643,检测,vn,neg,58
1643,周,nr,neg,59
1643,了连,v,neg,60
1643,个影,n,neg,61
1643,再也,d,neg,62
1643,回来,v,neg,63
1643,东西,ns,neg,64
1643,真,d,neg,65
1643,想,v,neg,66
1643,问问,n,neg,67
1643,刘,zg,neg,68
1643,强,a,neg,69
1643,东,ns,neg,70
1643,承诺,v,neg,71
1643,品牌,n,neg,72
1679,太,d,neg,0
1679,生气,n,neg,1
1679,安装,v,neg,2
1679,人员,n,neg,3
1679,一项,m,neg,4
1679,一项,m,neg,5
1679,加,v,neg,6
1679,钱,n,neg,7
1679,没装,v,neg,8
1679,收,v,neg,9
1679,没敢装,l,neg,10
1679,退,v,neg,11
1679,省心,n,neg,12
1725,烧水,n,neg,0
1725,速度,n,neg,1
1725,超慢,v,neg,2
1725,一家人,n,neg,3
1725,回来,v,neg,4
1725,洗澡,v,neg,5
1725,很久,m,neg,6
1725,值得,v,neg,7
1726,消费,vn,neg,0
1726,令,v,neg,1
1726,生气,n,neg,2
1726,安装,v,neg,3
1726,服务,vn,neg,4
1726,广州,ns,neg,5
1726,海珠区,ns,neg,6
1726,新港,ns,neg,7
1726,西,f,neg,8
1726,地区,n,neg,9
1726,太,d,neg,10
1726,差,a,neg,11
1726,周三,t,neg,12
1726,预约,v,neg,13
1726,周五,t,neg,14
1726,点,m,neg,15
1726,上门,ns,neg,16
1726,安装,v,neg,17
1726,周五,t,neg,18
1726,点,m,neg,19
1726,安装,v,neg,20
1726,人员,n,neg,21
1726,打电话,l,neg,22
1726,预约,v,neg,23
1726,电话,n,neg,24
1726,时间,n,neg,25
1726,下午,t,neg,26
1726,安装,v,neg,27
1726,打电话,l,neg,28
1726,提早,v,neg,29
1726,两天,m,neg,30
1726,预约,v,neg,31
1726,时间,n,neg,32
1726,安排,v,neg,33
1726,差,a,neg,34
1726,恶虐,a,neg,35
1726,借口,n,neg,36
1726,请假,v,neg,37
1726,在家,r,neg,38
1726,上午,t,neg,39
1726,几个,m,neg,40
1726,吵,v,neg,41
1726,很久,m,neg,42
1726,肯,v,neg,43
1726,中午,t,neg,44
1726,电话,n,neg,45
1726,预约,v,neg,46
1726,时,n,neg,47
1726,特意,d,neg,48
1726,问,n,neg,49
1726,明白,nr,neg,50
1726,要否,v,neg,51
1726,收费,n,neg,52
1726,客服,n,neg,53
1726,水管,n,neg,54
1726,收费,n,neg,55
1726,收费,n,neg,56
1726,上门,ns,neg,57
1726,零件,mq,neg,58
1726,收费,n,neg,59
1726,转弯,v,neg,60
1726,接口,v,neg,61
1726,收元,n,neg,62
1726,打劫,v,neg,63
1726,安装,v,neg,64
1726,出示,v,neg,65
1726,收费,n,neg,66
1726,标准,n,neg,67
1726,小册子,n,neg,68
1726,零件,mq,neg,69
1726,图片,n,neg,70
1726,全,a,neg,71
1726,拉伸,v,neg,72
1726,变形,n,neg,73
1726,小图标,nr,neg,74
1726,识别,v,neg,75
1726,零件,mq,neg,76
1726,实际上,d,neg,77
1726,开价,v,neg,78
1726,安装,v,neg,79
1726,人员,n,neg,80
1726,装,v,neg,81
1726,水管,n,neg,82
1726,时,n,neg,83
1726,有意,v,neg,84
1726,装,n,neg,85
1726,两个,m,neg,86
1726,弯位,n,neg,87
1726,估计,v,neg,88
1726,多用,b,neg,89
1726,几个,m,neg,90
1726,转弯,v,neg,91
1726,接口,v,neg,92
1726,难看,v,neg,93
1726,糟糕,a,neg,94
1726,出水,v,neg,95
1726,水压,n,neg,96
1726,冷水,n,neg,97
1726,降低,v,neg,98
1726,安装,v,neg,99
1726,人员,n,neg,100
1726,承认,v,neg,101
1726,安装,v,neg,102
1726,两个,m,neg,103
1726,储水,n,neg,104
1726,发现,v,neg,105
1726,安装,v,neg,106
1726,人员,n,neg,107
1726,一共,j,neg,108
1726,收,v,neg,109
1726,安装,v,neg,110
1726,人员,n,neg,111
1726,电话,n,neg,112
1726,回访,v,neg,113
1726,时,n,neg,114
1726,记得,v,neg,115
1726,好评,v,neg,116
1726,心想,n,neg,117
1726,便宜,a,neg,118
1726,想,v,neg,119
1726,占,v,neg,120
1726,电话,n,neg,121
1726,回访,v,neg,122
1726,投诉,v,neg,123
1726,应付,vn,neg,124
1726,打交道,v,neg,125
1727,满意,v,neg,0
1727,发票,n,neg,1
1727,售后,n,neg,2
1727,客服,n,neg,3
1727,回复,v,neg,4
1727,绝不会,l,neg,5
1727,再来,d,neg,6
1727,第二次,m,neg,7
1741,产品,n,neg,0
1741,还好,v,neg,1
1741,水龙头,n,neg,2
1741,开关,v,neg,3
1741,不配,v,neg,4
1741,安装,v,neg,5
1741,材料,n,neg,6
1741,太,d,neg,7
1741,黑市,ns,neg,8
1741,面上,f,neg,9
1741,不到,v,neg,10
1741,材料,n,neg,11
1741,美要,a,neg,12
1741,要买,v,neg,13
1741,亲,n,neg,14
1741,材料,n,neg,15
1741,真是太,nr,neg,16
1741,黑,a,neg,17
1749,客服,n,neg,0
1749,态度,n,neg,1
1749,满意,v,neg,2
1749,没用,v,neg,3
1749,遥控器,n,neg,4
1749,没买,v,neg,5
1749,东西,ns,neg,6
1749,遥控器,n,neg,7
1749,盖,v,neg,8
1749,打开,v,neg,9
1749,再也,d,neg,10
1749,盖,v,neg,11
1749,不上,v,neg,12
1749,东西,ns,neg,13
1749,实体店,n,neg,14
1789,真的,d,neg,0
1789,生气,n,neg,1
1789,真的,d,neg,2
1789,服,v,neg,3
1789,直营,b,neg,4
1789,空调,n,neg,5
1789,不到,v,neg,6
1789,运行,v,neg,7
1789,时,n,neg,8
1789,噪音,n,neg,9
1789,特别,d,neg,10
1789,师傅,nr,neg,11
1789,维修,v,neg,12
1789,一周,m,neg,13
1789,弄,v,neg,14
1789,新,a,neg,15
1789,空调,n,neg,16
1789,本来,t,neg,17
1789,不爽,a,neg,18
1789,装好,v,neg,19
1789,退货,v,neg,20
1789,麻烦,an,neg,21
1789,修好,v,neg,22
1789,忍,v,neg,23
1789,几天,m,neg,24
1789,只能,v,neg,25
1789,特别,d,neg,26
1789,热水,n,neg,27
1789,没法,v,neg,28
1789,洗,v,neg,29
1789,真的,d,neg,30
1789,怒,vg,neg,31
1789,本来,t,neg,32
1789,上班,v,neg,33
1789,就忙,d,neg,34
1789,累,v,neg,35
1789,回家,n,neg,36
1789,洗,v,neg,37
1789,热水澡,n,neg,38
1789,不行,v,neg,39
1789,只能,v,neg,40
1789,洗,v,neg,41
1789,冷水,n,neg,42
1789,杀熟,v,neg,43
1789,杀,v,neg,44
1789,开心,v,neg,45
1789,评论,n,neg,46
1789,评论,n,neg,47
1789,发,v,neg,48
1789,货,n,neg,49
1789,收下,v,neg,50
1789,肆无忌惮,i,neg,51
1789,数据,n,neg,52
1789,服务,vn,neg,53
1789,本来,t,neg,54
1789,想,v,neg,55
1789,电动车,n,neg,56
1789,阴影,n,neg,57
1789,有一,r,neg,58
1789,物流,n,neg,59
1789,很快,d,neg,60
1789,喜欢,v,neg,61
1789,原因,n,neg,62
1789,下次,t,neg,63
1789,买到,v,neg,64
1789,二手货,n,neg,65
1789,产品,n,neg,66
1789,小小的,z,neg,67
1789,平民,n,neg,68
1789,花,v,neg,69
1789,时间,n,neg,70
1789,精力,n,neg,71
1789,钱,n,neg,72
1789,维护,v,neg,73
1789,权益,n,neg,74
1789,给我发,n,neg,75
1789,残次品,n,neg,76
1826,安装,v,neg,0
1826,满意,v,neg,1
1826,说好,v,neg,2
1826,以内,f,neg,3
1826,安装,v,neg,4
1826,管子,n,neg,5
1826,就用,v,neg,6
1826,米,q,neg,7
1826,左,f,neg,8
1826,水管,n,neg,9
1826,孔,n,neg,10
1826,单独,d,neg,11
1826,收费,n,neg,12
1826,一共,j,neg,13
1826,加,v,neg,14
1826,安好,a,neg,15
1826,电原,n,neg,16
1826,插座,n,neg,17
1826,大小,b,neg,18
1826,喊,v,neg,19
1826,改,v,neg,20
1826,空调,n,neg,21
1826,插座,n,neg,22
1826,购物,n,neg,23
1826,一点,m,neg,24
1826,满意,v,neg,25
1845,商品,n,neg,0
1845,没试,v,neg,1
1845,材料费,n,neg,2
1845,满意,v,neg,3
1846,送货,v,neg,0
1846,挺快,v,neg,1
1846,售后,n,neg,2
1846,打电话,l,neg,3
1846,约,d,neg,4
1846,到货,v,neg,5
1846,第二天,m,neg,6
1846,安装,v,neg,7
1846,第二天,m,neg,8
1846,没人,v,neg,9
1846,打电话,l,neg,10
1846,晚上,t,neg,11
1846,十点钟,m,neg,12
1846,莫名其妙,i,neg,13
1846,收到,v,neg,14
1846,一条,m,neg,15
1846,安装,v,neg,16
1846,短信,n,neg,17
1846,第二天,m,neg,18
1846,售后,n,neg,19
1846,打电话,l,neg,20
1846,问,n,neg,21
1846,安装,v,neg,22
1846,收到,v,neg,23
1846,安装,v,neg,24
1846,短信,n,neg,25
1846,售后,n,neg,26
1846,回答,v,neg,27
1846,严,a,neg,28
1846,提前,v,neg,29
1846,先,d,neg,30
1846,确认,v,neg,31
1846,安装,v,neg,32
1846,告诉,v,neg,33
1846,看中,v,neg,34
1846,服务,vn,neg,35
1846,速度,n,neg,36
1846,还给,v,neg,37
1846,弄,v,neg,38
1846,售后,n,neg,39
1846,工人,n,neg,40
1846,安装,v,neg,41
1846,两个,m,neg,42
1846,工人,n,neg,43
1846,提前,v,neg,44
1846,电活,vn,neg,45
1846,大人,n,neg,46
1846,小孩,n,neg,47
1846,大人,n,neg,48
1846,穿着,v,neg,49
1846,工作服,n,neg,50
1846,纳闷,v,neg,51
1846,雇佣,v,neg,52
1846,童工,nr,neg,53
1846,干活,a,neg,54
1846,工人,n,neg,55
1846,踩,v,neg,56
1846,马桶,n,neg,57
1846,打眼,v,neg,58
1846,问问,n,neg,59
1846,有没有,v,neg,60
1846,凳子,n,neg,61
1846,梯子,n,neg,62
1846,两天,m,neg,63
1846,感觉,n,neg,64
1846,马桶,n,neg,65
1846,松动,a,neg,66
1846,单独,d,neg,67
1846,马桶,n,neg,68
1846,安装工,n,neg,69
1846,收拾,v,neg,70
1846,完后,a,neg,71
1846,感觉,n,neg,72
1846,弯,v,neg,73
1846,管接头,n,neg,74
1846,做工,v,neg,75
1846,不太好,v,neg,76
1846,毛边,n,neg,77
1846,太,d,neg,78
1846,问,n,neg,79
1846,安装工,n,neg,80
1846,管子,n,neg,81
1846,原厂,n,neg,82
1846,感觉,n,neg,83
1846,不行,v,neg,84
1846,拆掉,v,neg,85
1846,工人,n,neg,86
1846,拆,v,neg,87
1846,购物,n,neg,88
1846,流程,n,neg,89
1846,删,v,neg,90
1846,评论,n,neg,91
1846,购物,n,neg,92
1846,过程,n,neg,93
1877,质量,n,neg,0
1877,摇控器,nz,neg,1
1877,坏,a,neg,2
1877,质量,n,neg,3
1877,差,a,neg,4
1877,没用,v,neg,5
1877,坏,a,neg,6
1877,送货,v,neg,7
1877,挺快,v,neg,8
1877,安装,v,neg,9
1877,行,zg,neg,10
1893,满意,v,neg,0
1893,网上,s,neg,1
1893,电器,n,neg,2
1893,闹心,v,neg,3
1896,想当,v,neg,0
1896,满意,v,neg,1
1896,安装,v,neg,2
1896,材料,n,neg,3
1896,你家,r,neg,4
1896,东西,ns,neg,5
1896,提前,v,neg,6
1896,告诉,v,neg,7
1896,安装,v,neg,8
1896,气死我了,l,neg,9
1896,问,n,neg,10
1896,家,q,neg,11
1896,东西,ns,neg,12
1909,机器,n,neg,0
1909,开机,n,neg,1
1909,安装,v,neg,2
1909,实在,v,neg,3
1909,讨厌,v,neg,4
1909,头,n,neg,5
1909,预约,v,neg,6
1909,安装,v,neg,7
1909,非要,b,neg,8
1909,管件,n,neg,9
1909,不用,v,neg,10
1909,安装,v,neg,11
1909,选择,v,neg,12
1909,安装,v,neg,13
1909,几天,m,neg,14
1909,预约,v,neg,15
1909,安装,v,neg,16
1909,支架,n,neg,17
1909,不用,v,neg,18
1909,支架,n,neg,19
1909,安装,v,neg,20
1909,安装,v,neg,21
1909,过程,n,neg,22
1909,感觉,n,neg,23
1909,支架,n,neg,24
1909,鸡肋,n,neg,25
1909,起到,v,neg,26
1909,作用,v,neg,27
1909,影响,vn,neg,28
1909,美观,nz,neg,29
1909,挂钩,v,neg,30
1909,主力,n,neg,31
1909,满意,v,neg,32
1909,赶上,d,neg,33
1909,便宜,a,neg,34
1909,点,m,neg,35
1909,安装费,n,neg,36
1909,花,v,neg,37
1909,管件,n,neg,38
1909,水管,n,neg,39
1909,不到,v,neg,40
1909,一米,m,neg,41
1909,安装,v,neg,42
1909,两米,m,neg,43
1909,算,v,neg,44
1909,一点,m,neg,45
1909,不值,n,neg,46
1909,支架,n,neg,47
1909,放上,v,neg,48
1909,鸡肋,n,neg,49
1963,家,m,neg,0
1963,一台,m,neg,1
1963,帮忙,v,neg,2
1963,邻居,v,neg,3
1963,一台,m,neg,4
1963,家,m,neg,5
1963,半年,m,neg,6
1963,不到,v,neg,7
1963,售后,n,neg,8
1963,检查,vn,neg,9
1963,显示,v,neg,10
1963,面板,n,neg,11
1963,坏,a,neg,12
1963,邻居家,n,neg,13
1963,不到,v,neg,14
1963,两个,m,neg,15
1963,月,m,neg,16
1963,着火,v,neg,17
1963,售,v,neg,18
1963,检查,vn,neg,19
1963,时,ng,neg,20
1963,电源,n,neg,21
1963,散开,v,neg,22
1963,线,n,neg,23
1963,绕,v,neg,24
1963,一块,m,neg,25
1963,温度,n,neg,26
1963,火,n,neg,27
1963,走,v,neg,28
1963,售后,n,neg,29
1963,给换,v,neg,30
1963,一台,m,neg,31
1963,想,v,neg,32
1963,补,v,neg,33
1963,差价,n,neg,34
1963,换,nz,neg,35
1963,型号,n,neg,36
1963,只能,v,neg,37
1963,实体店,n,neg,38
1963,换,nz,neg,39
1963,实体店,n,neg,40
1963,贵上,n,neg,41
1963,网上,s,neg,42
1963,支持,v,neg,43
1963,换,nz,neg,44
1963,型号,n,neg,45
1963,赔偿,v,neg,46
1963,卫生间,n,neg,47
1963,吊顶,n,neg,48
1963,售后,n,neg,49
1963,安装,v,neg,50
1963,原因,n,neg,51
1963,赔偿,v,neg,52
1963,邻居,v,neg,53
1963,正好,a,neg,54
1963,水电工,n,neg,55
1963,水管,n,neg,56
1963,接好,v,neg,57
1963,安装,v,neg,58
1963,预约,v,neg,59
1963,售后,n,neg,60
1963,安装,v,neg,61
1963,一根,m,neg,62
1963,电源线,n,neg,63
1963,售后,n,neg,64
1963,安装,v,neg,65
1963,电源线,n,neg,66
1963,散开,v,neg,67
1963,事,n,neg,68
1963,拒绝,v,neg,69
1963,赔偿,v,neg,70
1963,客服,n,neg,71
1963,售后服务,l,neg,72
1963,态度,n,neg,73
1963,差,a,neg,74
1963,新换,v,neg,75
1963,一台,m,neg,76
1963,装,v,neg,77
1963,吊顶,n,neg,78
1963,没管,v,neg,79
1974,信赖,n,neg,0
1974,太,d,neg,1
1974,失望,v,neg,2
1974,裸机,b,neg,3
1974,一台,m,neg,4
1974,花,v,neg,5
1974,晒,v,neg,6
1974,冷热,a,neg,7
1974,开关,v,neg,8
1974,自已,d,neg,9
1974,东西,ns,neg,10
1974,一套,m,neg,11
1974,差,a,neg,12
1974,评,n,neg,13
1974,差,a,neg,14
1974,评,n,neg,15
1978,满意,v,neg,0
1978,安装工人,l,neg,1
1978,乱收,v,neg,2
1978,钱,n,neg,3
